Date,Ball1,Ball2,Ball3,Ball4,Ball5,BallExtra
11/01/1997,37,28,33,22,25,20
11/05/1997,02,19,35,24,28,26
11/08/1997,40,17,21,07,49,37
11/12/1997,41,14,13,29,16,01
11/15/1997,32,07,45,21,26,08
11/19/1997,19,10,48,03,21,22
11/22/1997,22,31,03,07,14,02
11/26/1997,15,46,34,23,40,35
11/29/1997,11,27,13,02,31,23
12/03/1997,18,09,14,47,42,32
12/06/1997,15,26,28,08,43,36
12/10/1997,18,21,28,41,04,03
12/13/1997,44,41,46,35,05,27
12/17/1997,03,05,45,18,13,20
12/20/1997,23,11,12,17,10,07
12/24/1997,28,16,35,34,03,14
12/27/1997,14,48,15,36,09,17
12/31/1997,27,14,06,04,05,06
01/03/1998,04,09,27,07,32,06
01/07/1998,18,04,30,37,03,23
01/10/1998,17,09,07,44,20,25
01/14/1998,16,09,06,28,38,13
01/17/1998,28,09,49,38,29,06
01/21/1998,31,32,23,01,26,33
01/24/1998,07,23,15,28,36,10
01/28/1998,23,48,36,15,31,12
01/31/1998,13,36,48,07,11,18
02/04/1998,30,25,12,08,21,20
02/07/1998,40,12,15,05,27,14
02/11/1998,37,34,33,25,35,35
02/14/1998,41,23,05,39,07,06
02/18/1998,01,33,28,29,21,15
02/21/1998,22,47,29,39,09,25
02/25/1998,30,43,02,20,46,19
02/28/1998,49,26,04,45,41,06
03/04/1998,39,30,19,03,33,09
03/07/1998,32,36,42,30,21,33
03/11/1998,02,17,36,24,05,20
03/14/1998,15,47,35,34,42,15
03/18/1998,04,41,39,02,33,26
03/21/1998,38,34,04,35,47,16
03/25/1998,42,44,35,23,05,29
03/28/1998,27,44,33,38,30,15
04/01/1998,47,33,11,34,12,39
04/04/1998,08,03,23,46,43,13
04/08/1998,03,24,30,49,10,35
04/11/1998,49,48,05,36,15,11
04/15/1998,41,25,08,24,39,21
04/18/1998,22,24,45,19,30,21
04/22/1998,13,04,49,29,31,04
04/25/1998,35,05,38,07,20,19
04/29/1998,25,46,08,47,30,31
05/02/1998,49,03,37,19,14,04
05/06/1998,20,47,45,44,11,05
05/09/1998,08,49,34,29,26,28
05/13/1998,02,36,13,30,18,26
05/16/1998,22,01,41,28,23,18
05/20/1998,09,30,48,34,04,08
05/23/1998,15,16,35,46,01,35
05/27/1998,46,27,15,33,02,27
05/30/1998,03,45,29,24,14,24
06/03/1998,31,22,25,41,35,38
06/06/1998,24,42,26,16,28,24
06/10/1998,12,36,38,19,04,06
06/13/1998,21,23,06,08,03,11
06/17/1998,36,35,07,37,14,10
06/20/1998,49,27,26,31,09,04
06/24/1998,27,18,16,30,13,23
06/27/1998,07,10,31,30,36,37
07/01/1998,03,17,29,35,47,34
07/04/1998,39,25,38,15,30,42
07/08/1998,19,05,16,34,29,24
07/11/1998,10,12,01,06,38,17
07/15/1998,16,21,36,23,11,37
07/18/1998,10,40,14,08,33,31
07/22/1998,30,49,01,23,22,33
07/25/1998,23,14,03,21,17,16
07/29/1998,39,08,43,45,49,13
08/01/1998,04,25,20,44,01,05
08/05/1998,42,35,19,12,03,21
08/08/1998,45,42,05,09,33,28
08/12/1998,10,42,33,02,45,02
08/15/1998,37,12,49,27,30,20
08/19/1998,08,23,43,15,46,29
08/22/1998,21,22,11,07,49,19
08/26/1998,06,32,46,23,42,08
08/29/1998,13,18,14,29,31,23
09/02/1998,28,29,44,40,21,08
09/05/1998,26,49,10,16,08,40
09/09/1998,42,46,12,04,19,09
09/12/1998,19,28,33,16,35,16
09/16/1998,40,35,06,24,42,02
09/19/1998,41,35,19,37,01,11
09/23/1998,01,21,42,22,05,18
09/26/1998,25,24,05,03,02,08
09/30/1998,02,08,03,12,36,24
10/03/1998,05,25,32,14,22,04
10/07/1998,15,08,26,09,06,07
10/10/1998,01,19,08,28,45,25
10/14/1998,26,14,18,32,15,06
10/17/1998,44,48,47,32,28,27
10/21/1998,24,27,22,44,39,25
10/24/1998,12,25,17,10,40,20
10/28/1998,44,24,35,09,08,42
10/31/1998,17,42,33,37,34,08
11/04/1998,17,02,36,08,30,22
11/07/1998,05,33,10,13,30,28
11/11/1998,48,36,14,25,10,02
11/14/1998,41,35,10,16,03,38
11/18/1998,21,25,33,39,46,18
11/21/1998,15,14,21,01,35,10
11/25/1998,06,33,48,13,10,09
11/28/1998,11,04,43,06,02,09
12/02/1998,45,29,36,04,22,30
12/05/1998,31,19,09,27,20,39
12/09/1998,40,12,43,48,33,16
12/12/1998,29,40,16,12,26,32
12/16/1998,03,32,19,27,08,38
12/19/1998,05,15,45,17,03,06
12/23/1998,45,29,31,39,46,33
12/26/1998,17,27,29,07,41,33
12/30/1998,38,34,46,20,10,03
01/02/1999,23,26,39,04,17,27
01/06/1999,16,44,02,09,13,36
01/09/1999,27,05,10,11,32,13
01/13/1999,31,15,33,47,43,06
01/16/1999,02,40,28,15,20,15
01/20/1999,12,02,40,19,48,27
01/23/1999,03,49,30,19,26,31
01/27/1999,20,23,04,44,02,22
01/30/1999,19,40,25,24,45,05
02/03/1999,39,42,26,20,30,32
02/06/1999,25,48,39,15,32,32
02/10/1999,31,42,10,27,20,26
02/13/1999,18,04,35,27,09,11
02/17/1999,36,25,21,22,10,39
02/20/1999,16,39,24,06,15,12
02/24/1999,46,15,40,29,08,23
02/27/1999,30,13,46,20,32,36
03/03/1999,01,44,42,12,08,13
03/06/1999,25,42,19,13,20,13
03/10/1999,34,26,49,14,01,15
03/13/1999,11,49,08,42,44,39
03/17/1999,09,15,31,40,37,09
03/20/1999,20,41,04,40,22,07
03/24/1999,19,20,27,07,26,12
03/27/1999,12,45,13,05,48,35
03/31/1999,16,03,15,39,28,01
04/03/1999,01,04,10,17,30,06
04/07/1999,26,05,37,39,31,42
04/10/1999,03,34,45,42,24,01
04/14/1999,25,10,40,19,12,33
04/17/1999,18,40,25,43,15,37
04/21/1999,03,11,45,41,32,29
04/24/1999,03,48,45,01,35,18
04/28/1999,42,05,12,18,07,14
05/01/1999,20,09,27,07,26,18
05/05/1999,07,40,09,31,26,24
05/08/1999,25,47,34,28,30,14
05/12/1999,05,12,40,38,04,28
05/15/1999,04,38,24,27,30,14
05/19/1999,24,35,04,41,09,31
05/22/1999,36,18,06,43,15,11
05/26/1999,36,26,34,29,37,24
05/29/1999,43,36,35,05,45,19
06/02/1999,48,24,04,20,46,32
06/05/1999,49,08,37,02,16,11
06/09/1999,32,35,07,48,38,17
06/12/1999,28,26,35,45,17,20
06/16/1999,02,04,38,14,08,01
06/19/1999,46,02,23,38,27,26
06/23/1999,15,12,23,17,49,07
06/26/1999,22,15,38,47,08,26
06/30/1999,05,20,40,10,12,03
07/03/1999,01,07,08,37,21,02
07/07/1999,41,03,06,37,17,08
07/10/1999,35,17,07,44,37,30
07/14/1999,25,32,06,29,01,09
07/17/1999,37,40,36,30,48,28
07/21/1999,26,13,31,04,29,03
07/24/1999,04,23,45,47,33,33
07/28/1999,22,25,31,23,32,25
07/31/1999,45,18,43,46,26,29
08/04/1999,24,33,35,04,18,34
08/07/1999,42,49,45,01,44,01
08/11/1999,05,07,43,12,10,07
08/14/1999,06,39,05,45,01,14
08/18/1999,08,05,26,41,09,19
08/21/1999,17,45,28,42,02,20
08/25/1999,45,11,13,21,34,30
08/28/1999,38,39,25,14,18,07
09/01/1999,09,37,39,36,32,14
09/04/1999,23,22,34,26,14,29
09/08/1999,08,43,22,39,15,22
09/11/1999,37,04,32,42,33,25
09/15/1999,37,12,01,42,48,31
09/18/1999,02,46,26,34,08,30
09/22/1999,08,33,38,35,47,08
09/25/1999,33,41,36,32,15,07
09/29/1999,29,46,11,41,22,42
10/02/1999,48,35,15,12,25,30
10/06/1999,07,06,38,42,15,42
10/09/1999,20,08,43,39,27,01
10/13/1999,23,15,44,38,43,38
10/16/1999,05,40,18,22,12,21
10/20/1999,02,20,19,29,16,13
10/23/1999,32,15,12,37,27,11
10/27/1999,31,24,20,39,17,21
10/30/1999,26,41,33,37,10,21
11/03/1999,07,03,08,01,26,07
11/06/1999,08,05,12,40,25,28
11/10/1999,43,40,19,13,31,36
11/13/1999,26,13,32,16,34,24
11/17/1999,27,20,11,48,43,12
11/20/1999,05,06,18,44,42,03
11/24/1999,43,02,15,04,37,40
11/27/1999,16,24,38,28,03,28
12/01/1999,32,14,47,20,03,02
12/04/1999,38,25,36,22,05,37
12/08/1999,34,13,44,40,47,24
12/11/1999,47,10,06,31,48,29
12/15/1999,35,33,47,19,32,26
12/18/1999,43,03,02,25,15,25
12/22/1999,43,23,42,13,11,18
12/25/1999,19,39,29,06,44,28
12/29/1999,43,11,16,03,14,10
01/01/2000,36,13,23,09,45,39
01/05/2000,15,05,16,28,32,39
01/08/2000,28,07,35,40,48,14
01/12/2000,32,09,44,38,41,27
01/15/2000,40,01,06,21,33,28
01/19/2000,12,37,31,35,44,34
01/22/2000,41,32,04,34,16,25
01/26/2000,46,43,18,25,30,18
01/29/2000,28,08,32,06,47,26
02/02/2000,16,06,10,12,29,33
02/05/2000,44,11,41,34,06,20
02/09/2000,40,36,49,05,29,30
02/12/2000,45,37,44,21,24,24
02/16/2000,31,10,12,09,41,37
02/19/2000,45,24,14,23,48,21
02/23/2000,32,12,20,16,26,35
02/26/2000,49,09,07,23,37,07
03/01/2000,22,30,38,21,29,39
03/04/2000,06,43,08,48,03,01
03/08/2000,36,17,14,11,25,38
03/11/2000,23,11,31,02,28,39
03/15/2000,19,44,15,38,14,20
03/18/2000,30,43,46,12,39,10
03/22/2000,41,03,12,46,30,32
03/25/2000,06,48,43,30,45,32
03/29/2000,40,12,32,37,49,37
04/01/2000,04,03,29,38,13,21
04/05/2000,06,11,18,08,39,40
04/08/2000,33,04,48,12,09,18
04/12/2000,31,20,04,25,06,06
04/15/2000,28,26,48,40,15,09
04/19/2000,08,20,49,09,03,22
04/22/2000,48,03,09,05,42,35
04/26/2000,37,24,10,05,17,15
04/29/2000,12,14,35,26,36,37
05/03/2000,05,48,41,34,13,07
05/06/2000,39,04,27,29,41,16
05/10/2000,31,47,20,18,08,11
05/13/2000,38,01,42,27,03,24
05/17/2000,17,20,49,16,28,34
05/20/2000,40,05,48,17,44,26
05/24/2000,07,47,19,43,46,04
05/27/2000,30,29,02,44,22,36
05/31/2000,22,15,42,43,16,11
06/03/2000,31,37,13,14,15,10
06/07/2000,46,45,19,39,49,17
06/10/2000,47,02,32,40,16,15
06/14/2000,23,21,42,32,34,05
06/17/2000,25,15,47,44,06,07
06/21/2000,43,01,28,27,24,25
06/24/2000,49,13,26,27,02,04
06/28/2000,27,24,30,13,45,18
07/01/2000,42,14,22,13,32,26
07/05/2000,32,18,10,14,33,02
07/08/2000,10,02,39,34,07,12
07/12/2000,09,10,48,06,26,10
07/15/2000,21,05,08,49,46,34
07/19/2000,36,05,08,18,38,40
07/22/2000,12,02,33,15,41,33
07/26/2000,03,37,20,22,44,36
07/29/2000,38,24,26,11,41,07
08/02/2000,12,42,49,33,27,31
08/05/2000,32,38,28,13,33,14
08/09/2000,18,28,19,11,17,34
08/12/2000,46,47,31,06,38,21
08/16/2000,44,16,15,47,27,14
08/19/2000,17,36,23,10,13,23
08/23/2000,43,28,47,20,40,31
08/26/2000,40,43,27,22,16,05
08/30/2000,25,29,36,46,04,08
09/02/2000,05,26,22,14,20,35
09/06/2000,28,06,04,12,42,06
09/09/2000,18,42,14,29,20,02
09/13/2000,21,02,22,47,13,31
09/16/2000,19,47,01,40,49,14
09/20/2000,17,45,23,33,21,11
09/23/2000,35,01,17,36,27,31
09/27/2000,24,47,44,32,42,15
09/30/2000,24,19,32,44,43,39
10/04/2000,24,16,48,34,03,03
10/07/2000,04,07,39,34,27,01
10/11/2000,32,44,45,26,41,35
10/14/2000,16,22,18,41,14,37
10/18/2000,17,42,21,43,28,25
10/21/2000,24,45,13,19,44,16
10/25/2000,45,05,46,03,20,37
10/28/2000,37,32,06,11,47,13
11/01/2000,10,29,14,04,39,10
11/04/2000,34,05,22,42,09,02
11/08/2000,37,49,17,45,13,04
11/11/2000,21,38,12,04,46,37
11/15/2000,26,12,46,32,41,18
11/18/2000,27,31,41,03,32,33
11/22/2000,44,18,05,40,47,34
11/25/2000,37,02,39,38,42,22
11/29/2000,29,01,20,27,04,17
12/02/2000,22,14,38,41,11,39
12/06/2000,20,15,45,07,23,17
12/09/2000,14,41,10,08,42,20
12/13/2000,06,19,38,10,43,41
12/16/2000,26,34,02,33,39,23
12/20/2000,04,31,34,07,41,28
12/23/2000,27,06,11,15,22,27
12/27/2000,24,15,32,22,39,18
12/30/2000,46,38,29,23,26,35
01/03/2001,29,09,49,19,38,20
01/06/2001,22,43,01,24,39,26
01/10/2001,23,22,35,06,09,06
01/13/2001,42,19,23,14,29,26
01/17/2001,48,16,31,09,28,36
01/20/2001,36,25,11,01,29,40
01/24/2001,39,49,31,34,42,26
01/27/2001,45,19,41,32,08,37
01/31/2001,27,15,21,47,37,16
02/03/2001,29,27,44,21,41,09
02/07/2001,07,06,33,31,04,20
02/10/2001,46,16,41,38,47,25
02/14/2001,41,29,05,42,18,16
02/17/2001,31,39,22,41,04,06
02/21/2001,32,04,10,39,45,25
02/24/2001,41,30,49,34,29,37
02/28/2001,03,47,46,09,01,22
03/03/2001,44,36,23,09,08,15
03/07/2001,32,09,23,45,40,31
03/10/2001,30,19,12,26,33,11
03/14/2001,42,22,27,49,12,34
03/17/2001,36,16,18,15,20,18
03/21/2001,13,18,14,20,21,16
03/24/2001,02,28,37,40,49,22
03/28/2001,27,43,31,12,04,20
03/31/2001,11,39,41,27,37,42
04/04/2001,05,43,16,12,13,11
04/07/2001,37,20,41,31,18,01
04/11/2001,21,04,41,32,39,31
04/14/2001,03,16,30,08,29,04
04/18/2001,06,18,11,20,44,39
04/21/2001,24,38,05,25,30,40
04/25/2001,39,28,14,29,26,39
04/28/2001,01,20,11,39,34,37
05/02/2001,42,02,36,19,30,19
05/05/2001,07,20,45,09,19,05
05/09/2001,49,22,14,19,09,34
05/12/2001,11,36,28,16,29,21
05/16/2001,28,20,44,13,12,17
05/19/2001,49,47,10,06,21,02
05/23/2001,34,21,49,32,19,38
05/26/2001,09,10,40,24,21,36
05/30/2001,12,36,28,43,11,09
06/02/2001,10,45,48,26,17,38
06/06/2001,10,40,45,20,21,22
06/09/2001,37,23,42,43,20,27
06/13/2001,41,09,32,36,34,14
06/16/2001,44,17,13,02,45,14
06/20/2001,05,09,49,18,14,32
06/23/2001,42,38,40,06,35,36
06/27/2001,07,13,16,03,35,22
06/30/2001,33,03,06,34,39,15
07/04/2001,30,25,03,28,26,10
07/07/2001,09,34,22,46,03,17
07/11/2001,16,24,26,10,18,13
07/14/2001,27,15,01,13,41,02
07/18/2001,09,04,31,26,49,02
07/21/2001,19,27,20,15,03,20
07/25/2001,37,16,29,39,23,17
07/28/2001,33,36,04,23,45,29
08/01/2001,39,26,24,34,25,31
08/04/2001,16,26,46,24,20,09
08/08/2001,37,25,41,10,02,02
08/11/2001,14,41,11,25,20,08
08/15/2001,37,40,44,29,43,06
08/18/2001,22,14,03,20,48,17
08/22/2001,02,36,39,30,28,10
08/25/2001,17,08,42,22,47,21
08/29/2001,35,09,49,04,32,28
09/01/2001,27,07,30,44,24,29
09/05/2001,14,42,18,33,24,08
09/08/2001,12,28,13,48,06,26
09/12/2001,47,25,39,13,35,01
09/15/2001,33,43,28,49,19,23
09/19/2001,31,28,21,41,26,29
09/22/2001,27,42,39,34,23,40
09/26/2001,35,18,30,26,44,19
09/29/2001,15,02,29,47,21,12
10/03/2001,23,35,20,02,49,25
10/06/2001,31,21,09,05,01,12
10/10/2001,08,16,01,07,19,37
10/13/2001,37,40,41,46,48,20
10/17/2001,46,07,40,05,29,05
10/20/2001,40,16,47,07,33,33
10/24/2001,27,06,15,42,24,32
10/27/2001,17,28,10,01,45,20
10/31/2001,02,18,16,40,35,41
11/03/2001,14,37,06,49,36,20
11/07/2001,25,04,17,02,06,31
11/10/2001,07,13,33,38,16,13
11/14/2001,17,28,30,04,40,03
11/17/2001,07,35,27,01,10,34
11/21/2001,31,28,38,41,27,13
11/24/2001,27,37,42,12,10,30
11/28/2001,48,24,05,15,18,16
12/01/2001,48,46,41,06,38,37
12/05/2001,14,09,08,13,21,37
12/08/2001,35,17,48,31,26,35
12/12/2001,35,43,47,20,04,27
12/15/2001,11,22,13,08,37,17
12/19/2001,35,43,36,20,26,23
12/22/2001,27,33,14,24,34,06
12/26/2001,19,39,23,41,08,21
12/29/2001,45,10,43,27,15,31
01/02/2002,36,46,23,44,42,33
01/05/2002,07,08,32,17,14,15
01/09/2002,39,07,40,42,43,04
01/12/2002,13,41,19,22,47,05
01/16/2002,24,34,31,47,40,30
01/19/2002,21,35,49,41,23,05
01/23/2002,14,47,32,18,30,36
01/26/2002,05,14,22,30,15,31
01/30/2002,07,21,15,09,40,18
02/02/2002,27,45,19,43,12,28
02/06/2002,28,10,34,24,35,32
02/09/2002,30,35,21,17,36,12
02/13/2002,43,33,38,10,02,19
02/16/2002,31,42,19,45,32,06
02/20/2002,19,08,09,25,22,11
02/23/2002,15,21,38,19,08,33
02/27/2002,02,06,19,45,01,27
03/02/2002,06,25,46,22,36,34
03/06/2002,30,38,05,15,07,02
03/09/2002,02,49,12,38,44,19
03/13/2002,04,28,27,49,33,39
03/16/2002,45,16,38,37,10,14
03/20/2002,04,20,30,49,25,37
03/23/2002,39,02,10,48,01,13
03/27/2002,35,43,15,40,46,33
03/30/2002,29,13,08,16,19,37
04/03/2002,14,36,08,29,17,03
04/06/2002,22,16,30,15,35,20
04/10/2002,29,17,12,07,48,21
04/13/2002,38,16,22,33,32,13
04/17/2002,02,23,36,03,22,22
04/20/2002,40,27,34,44,42,08
04/24/2002,13,01,16,43,33,01
04/27/2002,12,18,01,33,09,14
05/01/2002,48,03,26,32,45,06
05/04/2002,12,06,09,20,07,20
05/08/2002,11,06,34,25,28,35
05/11/2002,03,36,15,16,40,22
05/15/2002,30,33,37,36,49,35
05/18/2002,25,02,32,31,18,01
05/22/2002,20,05,22,34,23,19
05/25/2002,29,09,42,33,30,27
05/29/2002,49,28,18,35,31,13
06/01/2002,17,27,02,06,19,02
06/05/2002,18,01,21,36,47,33
06/08/2002,48,46,26,42,37,38
06/12/2002,49,39,27,13,18,20
06/15/2002,16,42,08,07,43,15
06/19/2002,04,07,03,11,01,23
06/22/2002,16,37,01,48,26,09
06/26/2002,09,24,17,23,06,14
06/29/2002,45,04,35,33,36,22
07/03/2002,07,19,38,48,49,10
07/06/2002,02,39,27,09,36,13
07/10/2002,31,43,37,45,26,32
07/13/2002,22,49,42,03,37,08
07/17/2002,25,10,40,11,45,25
07/20/2002,13,03,02,26,06,10
07/24/2002,16,19,34,37,22,20
07/27/2002,17,05,44,22,02,30
07/31/2002,02,04,34,22,06,26
08/03/2002,34,24,33,13,19,41
08/07/2002,13,40,35,47,46,35
08/10/2002,11,16,21,35,27,31
08/14/2002,19,04,33,16,41,29
08/17/2002,46,33,03,42,26,41
08/21/2002,48,01,47,06,43,36
08/24/2002,24,18,45,05,10,20
08/28/2002,38,36,30,24,37,42
08/31/2002,14,22,12,29,41,41
09/04/2002,26,15,18,36,31,20
09/07/2002,24,12,19,34,06,18
09/11/2002,06,03,39,26,48,28
09/14/2002,14,05,40,26,31,29
09/18/2002,44,42,06,27,32,10
09/21/2002,45,11,28,40,03,33
09/25/2002,49,36,23,12,01,09
09/28/2002,24,22,12,35,31,08
10/02/2002,04,05,43,02,38,34
10/05/2002,22,14,39,43,19,12
10/09/2002,09,38,43,10,42,05
10/12/2002,23,49,46,52,26,28
10/16/2002,08,31,24,37,11,41
10/19/2002,04,42,18,25,20,29
10/23/2002,18,30,02,14,31,36
10/26/2002,33,14,12,39,27,41
10/30/2002,09,23,41,19,16,12
11/02/2002,34,35,15,32,08,34
11/06/2002,09,19,17,12,11,23
11/09/2002,53,38,30,40,36,08
11/13/2002,50,18,23,38,31,20
11/16/2002,40,51,32,33,35,01
11/20/2002,14,22,44,21,29,03
11/23/2002,49,21,15,19,16,05
11/27/2002,01,25,40,53,20,19
11/30/2002,19,01,04,21,29,08
12/04/2002,35,13,20,21,40,35
12/07/2002,17,27,32,03,48,01
12/11/2002,06,14,22,12,33,21
12/14/2002,42,44,24,17,08,37
12/18/2002,52,50,14,33,02,22
12/21/2002,39,34,52,05,22,30
12/25/2002,53,14,05,16,29,07
12/28/2002,50,02,15,38,43,29
01/01/2003,42,43,34,53,18,17
01/04/2003,11,39,01,40,37,23
01/08/2003,44,16,22,46,26,20
01/11/2003,09,46,48,45,51,02
01/15/2003,17,42,44,30,04,15
01/18/2003,34,04,52,48,17,10
01/22/2003,40,30,20,28,43,03
01/25/2003,10,15,51,12,49,21
01/29/2003,12,53,30,27,10,28
02/01/2003,11,02,39,21,16,42
02/05/2003,02,07,48,09,05,32
02/08/2003,21,23,13,20,02,35
02/12/2003,49,07,12,19,47,06
02/15/2003,29,01,42,38,26,30
02/19/2003,16,11,44,17,06,26
02/22/2003,10,02,09,06,05,26
02/26/2003,34,27,23,31,10,11
03/01/2003,28,07,06,27,41,03
03/05/2003,37,28,44,02,24,06
03/08/2003,20,45,01,21,05,24
03/12/2003,24,44,52,25,05,20
03/15/2003,45,52,41,30,12,35
03/19/2003,19,37,47,51,40,40
03/22/2003,29,05,31,49,47,25
03/26/2003,52,28,10,40,31,41
03/29/2003,25,02,17,09,36,08
04/02/2003,47,17,50,12,35,13
04/05/2003,46,14,49,07,23,20
04/09/2003,38,51,06,28,35,41
04/12/2003,17,52,27,35,28,02
04/16/2003,39,50,41,25,04,31
04/19/2003,48,10,18,40,46,30
04/23/2003,51,14,23,15,31,34
04/26/2003,36,11,13,05,22,31
04/30/2003,32,13,17,33,07,35
05/03/2003,14,40,39,47,21,06
05/07/2003,13,35,18,51,34,28
05/10/2003,01,02,06,20,10,38
05/14/2003,34,52,45,20,33,21
05/17/2003,18,42,13,05,50,04
05/21/2003,41,32,30,04,35,09
05/24/2003,49,10,48,42,50,42
05/28/2003,17,06,16,19,38,16
05/31/2003,46,26,52,10,30,35
06/04/2003,26,53,24,14,02,01
06/07/2003,27,17,11,40,26,06
06/11/2003,44,46,16,12,43,38
06/14/2003,12,42,50,40,26,03
06/18/2003,19,45,21,20,46,20
06/21/2003,27,15,19,44,36,17
06/25/2003,43,05,35,50,26,04
06/28/2003,44,14,07,41,09,25
07/02/2003,26,17,24,45,16,36
07/05/2003,17,49,05,25,37,21
07/09/2003,19,26,21,31,51,40
07/12/2003,50,51,06,16,52,23
07/16/2003,30,18,49,28,27,20
07/19/2003,34,48,29,14,30,01
07/23/2003,51,37,34,16,04,38
07/26/2003,09,34,30,10,32,11
07/30/2003,26,31,49,22,18,28
08/02/2003,41,42,17,40,46,25
08/06/2003,48,11,14,26,31,30
08/09/2003,25,40,18,23,26,15
08/13/2003,44,26,48,35,31,32
08/16/2003,15,20,42,37,13,07
08/20/2003,35,22,46,48,08,15
08/23/2003,39,50,51,46,01,07
08/27/2003,31,46,36,42,24,32
08/30/2003,35,49,41,36,09,33
09/03/2003,19,09,06,24,40,31
09/06/2003,41,15,06,20,18,17
09/10/2003,03,33,30,17,29,34
09/13/2003,32,28,06,19,10,39
09/17/2003,32,02,19,34,24,02
09/20/2003,13,33,11,31,28,29
09/24/2003,28,47,19,20,17,37
09/27/2003,48,20,09,41,30,29
10/01/2003,50,05,04,21,19,41
10/04/2003,08,13,29,44,48,36
10/08/2003,06,25,07,08,01,18
10/11/2003,11,32,45,14,21,21
10/15/2003,29,06,39,52,09,08
10/18/2003,35,22,25,34,33,14
10/22/2003,53,27,25,03,28,35
10/25/2003,06,17,48,45,47,04
10/29/2003,22,34,19,08,53,29
11/01/2003,34,19,37,47,16,18
11/05/2003,20,38,27,06,39,31
11/08/2003,05,24,52,38,08,22
11/12/2003,22,11,07,19,20,01
11/15/2003,20,08,22,32,52,39
11/19/2003,36,42,26,16,47,33
11/22/2003,45,09,12,29,17,04
11/26/2003,16,01,03,41,37,19
11/29/2003,39,14,43,51,36,15
12/03/2003,37,01,43,10,35,30
12/06/2003,24,45,21,41,37,39
12/10/2003,40,04,17,26,37,15
12/13/2003,17,25,44,19,26,19
12/17/2003,43,15,18,21,19,07
12/20/2003,48,24,12,25,20,37
12/24/2003,01,44,06,34,31,25
12/27/2003,17,34,32,16,43,31
12/31/2003,05,07,28,18,35,01
01/03/2004,42,04,22,05,41,02
01/07/2004,44,04,18,14,07,25
01/10/2004,13,02,27,19,50,05
01/14/2004,44,33,12,50,40,40
01/17/2004,48,32,09,45,08,15
01/21/2004,17,45,41,34,13,17
01/24/2004,01,38,37,05,53,31
01/28/2004,17,13,08,39,48,34
01/31/2004,37,06,03,27,41,38
02/04/2004,17,07,32,25,12,33
02/07/2004,46,39,31,35,34,03
02/11/2004,05,50,52,16,28,04
02/14/2004,25,10,35,43,24,32
02/18/2004,50,36,24,04,44,02
02/21/2004,22,26,53,48,15,14
02/25/2004,04,47,17,11,05,35
02/28/2004,25,52,53,06,26,40
03/03/2004,23,11,17,53,05,34
03/06/2004,49,46,17,51,09,09
03/10/2004,10,41,22,20,49,06
03/13/2004,50,44,11,48,45,02
03/17/2004,24,15,20,43,07,05
03/20/2004,44,14,24,27,02,06
03/24/2004,39,47,43,20,18,31
03/27/2004,30,17,02,15,34,32
03/31/2004,15,31,39,34,50,35
04/03/2004,43,07,26,06,32,13
04/07/2004,07,37,02,35,16,10
04/10/2004,02,48,30,09,47,40
04/14/2004,38,22,01,20,06,22
04/17/2004,41,04,42,34,29,11
04/21/2004,11,08,51,42,34,27
04/24/2004,02,44,35,13,22,28
04/28/2004,27,34,52,49,42,23
05/01/2004,01,34,47,10,39,33
05/05/2004,21,25,16,09,32,08
05/08/2004,37,03,43,09,17,39
05/12/2004,42,45,11,31,35,35
05/15/2004,01,26,46,27,43,31
05/19/2004,31,14,41,37,15,31
05/22/2004,01,49,42,36,07,41
05/26/2004,38,10,31,03,35,16
05/29/2004,01,16,32,39,30,02
06/02/2004,26,06,12,29,05,30
06/05/2004,41,05,42,39,26,39
06/09/2004,31,50,37,01,33,40
06/12/2004,06,52,48,43,20,28
06/16/2004,16,18,48,39,26,22
06/19/2004,02,37,36,48,09,16
06/23/2004,16,20,09,12,39,01
06/26/2004,17,47,09,32,41,08
06/30/2004,47,45,02,31,29,04
07/03/2004,03,30,08,47,12,23
07/07/2004,41,34,30,25,18,10
07/10/2004,17,44,23,16,26,13
07/14/2004,09,49,24,45,50,37
07/17/2004,23,45,50,20,36,09
07/21/2004,42,38,46,31,03,02
07/24/2004,52,29,02,03,13,25
07/28/2004,40,04,39,19,50,22
07/31/2004,47,31,14,35,45,35
08/04/2004,37,11,26,22,51,21
08/07/2004,16,34,09,08,48,08
08/11/2004,10,33,05,51,29,35
08/14/2004,04,10,43,18,11,41
08/18/2004,35,40,42,33,31,40
08/21/2004,40,27,39,16,03,03
08/25/2004,32,01,50,30,37,19
08/28/2004,35,06,30,45,39,31
09/01/2004,44,45,33,51,31,31
09/04/2004,46,15,26,25,13,28
09/08/2004,28,04,02,33,52,18
09/11/2004,36,25,49,46,34,09
09/15/2004,28,17,01,50,08,20
09/18/2004,14,36,31,02,27,09
09/22/2004,37,06,34,14,40,07
09/25/2004,41,11,40,48,25,03
09/29/2004,35,16,37,28,33,17
10/02/2004,32,35,29,13,02,04
10/06/2004,50,19,44,05,06,28
10/09/2004,10,48,47,03,01,27
10/13/2004,17,45,46,05,14,41
10/16/2004,22,42,05,36,20,11
10/20/2004,41,46,11,17,01,24
10/23/2004,49,50,15,52,24,40
10/27/2004,40,51,44,11,17,21
10/30/2004,20,27,48,40,30,11
11/03/2004,48,43,45,11,35,42
11/06/2004,18,22,33,40,38,19
11/10/2004,14,43,45,21,29,26
11/13/2004,33,34,26,05,06,13
11/17/2004,31,15,46,25,36,37
11/20/2004,45,50,48,04,29,01
11/24/2004,47,49,53,03,19,04
11/27/2004,16,35,47,36,28,31
12/01/2004,44,28,36,38,03,01
12/04/2004,30,09,22,06,16,04
12/08/2004,17,13,50,35,45,02
12/11/2004,16,53,41,07,06,23
12/15/2004,38,01,53,11,06,11
12/18/2004,30,01,29,25,45,12
12/22/2004,07,11,31,24,02,18
12/25/2004,39,29,32,53,45,16
12/29/2004,44,33,29,38,24,07
01/01/2005,47,22,23,26,44,12
01/05/2005,10,07,37,04,30,37
01/08/2005,11,22,24,09,43,02
01/12/2005,50,21,27,38,23,38
01/15/2005,37,49,21,51,26,25
01/19/2005,49,32,09,18,33,27
01/22/2005,33,32,34,11,23,38
01/26/2005,05,32,48,47,43,33
01/29/2005,41,29,20,16,11,12
02/02/2005,16,44,40,10,11,02
02/05/2005,44,11,34,47,37,23
02/09/2005,10,15,09,18,29,09
02/12/2005,50,21,28,18,49,16
02/16/2005,48,21,41,27,25,25
02/19/2005,12,15,18,52,27,36
02/23/2005,04,48,15,10,51,13
02/26/2005,33,22,49,30,08,06
03/02/2005,48,18,46,03,10,08
03/05/2005,40,09,27,53,13,28
03/09/2005,20,17,10,23,45,31
03/12/2005,40,23,52,46,07,41
03/16/2005,19,38,11,25,50,35
03/19/2005,41,01,21,32,28,09
03/23/2005,29,23,40,45,37,38
03/26/2005,35,12,09,51,41,36
03/30/2005,28,39,22,32,33,42
04/02/2005,11,09,05,17,46,39
04/06/2005,05,14,11,51,22,17
04/09/2005,46,11,01,35,53,29
04/13/2005,37,51,06,13,52,25
04/16/2005,11,44,38,51,45,41
04/20/2005,07,16,33,34,46,27
04/23/2005,15,08,50,09,13,09
04/27/2005,42,11,32,13,18,04
04/30/2005,08,48,32,15,17,24
05/04/2005,27,33,40,10,21,02
05/07/2005,47,44,23,21,39,19
05/11/2005,46,49,05,48,25,06
05/14/2005,49,21,29,38,52,42
05/18/2005,17,07,20,13,35,35
05/21/2005,07,30,05,10,02,23
05/25/2005,29,46,27,31,42,33
05/28/2005,39,24,05,28,07,36
06/01/2005,34,50,39,42,15,12
06/04/2005,16,44,07,38,48,18
06/08/2005,36,10,43,40,42,42
06/11/2005,03,46,10,24,14,37
06/15/2005,39,20,22,14,44,14
06/18/2005,10,05,24,16,08,05
06/22/2005,13,51,42,23,09,15
06/25/2005,28,32,40,07,31,14
06/29/2005,42,08,49,22,03,39
07/02/2005,29,09,10,52,39,20
07/06/2005,12,25,48,02,30,38
07/09/2005,53,39,08,09,47,04
07/13/2005,05,23,43,04,13,34
07/16/2005,50,33,32,41,08,22
07/20/2005,51,07,32,39,06,31
07/23/2005,28,13,20,32,16,36
07/27/2005,04,13,10,29,01,03
07/30/2005,14,38,35,08,46,24
08/03/2005,39,05,24,19,28,24
08/06/2005,09,01,19,36,53,33
08/10/2005,31,13,49,38,36,02
08/13/2005,02,37,43,18,01,37
08/17/2005,08,43,53,30,03,15
08/20/2005,27,13,28,29,49,36
08/24/2005,35,09,26,11,51,32
08/27/2005,08,39,31,44,22,11
08/31/2005,17,19,13,50,41,13
09/03/2005,30,03,31,01,43,36
09/07/2005,32,50,12,40,54,37
09/10/2005,10,11,08,48,50,16
09/14/2005,24,50,21,42,49,01
09/17/2005,49,52,05,09,27,06
09/21/2005,35,28,34,03,50,08
09/24/2005,02,10,43,55,31,14
09/28/2005,07,22,27,48,50,17
10/01/2005,18,54,38,08,45,23
10/05/2005,25,30,45,02,15,17
10/08/2005,26,31,35,50,46,28
10/12/2005,54,51,09,18,04,10
10/15/2005,34,01,07,08,45,15
10/19/2005,49,21,44,07,43,29
10/22/2005,36,06,53,51,07,17
10/26/2005,43,39,02,42,10,23
10/29/2005,41,50,22,19,14,21
11/02/2005,41,14,06,11,27,38
11/05/2005,37,25,50,29,07,17
11/09/2005,05,49,14,13,31,30
11/12/2005,48,41,17,55,37,39
11/16/2005,05,20,44,21,18,27
11/19/2005,15,54,20,41,08,22
11/23/2005,24,25,09,27,12,33
11/26/2005,34,28,53,37,45,32
11/30/2005,42,23,19,27,52,01
12/03/2005,02,26,42,15,37,36
12/07/2005,45,30,54,41,19,14
12/10/2005,45,34,42,03,21,39
12/14/2005,45,15,08,16,51,11
12/17/2005,24,44,53,36,46,18
12/21/2005,23,43,12,16,09,37
12/24/2005,04,10,34,50,33,14
12/28/2005,12,46,15,54,30,01
12/31/2005,43,04,46,30,37,42
01/04/2006,23,10,48,54,42,03
01/07/2006,02,21,43,32,16,06
01/11/2006,18,14,03,17,06,14
01/14/2006,49,14,06,46,40,17
01/18/2006,53,38,15,29,52,07
01/21/2006,54,18,03,39,43,41
01/25/2006,52,37,50,43,10,14
01/28/2006,26,15,28,36,14,36
02/01/2006,13,30,55,11,35,37
02/04/2006,38,30,04,13,12,30
02/08/2006,48,32,25,14,54,10
02/11/2006,38,07,51,40,52,14
02/15/2006,39,35,03,13,40,37
02/18/2006,44,48,15,43,17,29
02/22/2006,47,53,23,55,09,39
02/25/2006,51,03,48,46,37,22
03/01/2006,25,10,35,41,38,23
03/04/2006,13,52,22,55,27,26
03/08/2006,05,07,21,01,43,20
03/11/2006,54,37,35,52,16,33
03/15/2006,36,48,54,07,12,37
03/18/2006,25,01,36,42,34,19
03/22/2006,45,38,23,22,18,31
03/25/2006,20,37,34,45,39,32
03/29/2006,24,28,54,02,14,13
04/01/2006,55,10,50,01,23,29
04/05/2006,29,39,09,24,03,42
04/08/2006,35,04,43,44,23,35
04/12/2006,34,41,26,35,16,24
04/15/2006,46,23,13,28,18,33
04/19/2006,32,53,34,05,28,10
04/22/2006,04,06,27,05,18,24
04/26/2006,55,26,48,24,12,14
04/29/2006,19,40,35,30,41,14
05/03/2006,38,19,06,42,04,37
05/06/2006,38,12,32,23,25,27
05/10/2006,04,03,11,44,37,24
05/13/2006,30,54,19,47,28,13
05/17/2006,15,26,24,35,17,38
05/20/2006,23,02,09,44,45,38
05/24/2006,03,12,47,51,02,10
05/27/2006,41,06,27,23,47,19
05/31/2006,49,22,20,43,10,03
06/03/2006,20,05,18,50,06,35
06/07/2006,20,10,04,26,40,08
06/10/2006,36,54,24,26,16,11
06/14/2006,04,40,14,48,15,12
06/17/2006,39,48,20,22,10,25
06/21/2006,11,19,22,43,45,34
06/24/2006,39,08,47,11,30,23
06/28/2006,45,51,08,16,02,32
07/01/2006,40,35,42,02,31,34
07/05/2006,26,52,39,41,53,20
07/08/2006,50,44,49,32,37,13
07/12/2006,31,33,30,18,19,15
07/15/2006,36,20,47,50,35,05
07/19/2006,44,50,02,38,32,21
07/22/2006,40,47,14,55,54,06
07/26/2006,10,05,24,17,43,31
07/29/2006,14,39,55,19,26,29
08/02/2006,24,19,10,16,13,15
08/05/2006,48,50,03,09,02,23
08/09/2006,52,19,43,41,16,35
08/12/2006,14,54,27,18,13,32
08/16/2006,22,02,13,50,48,02
08/19/2006,12,51,29,22,26,09
08/23/2006,17,08,51,24,38,31
08/26/2006,26,24,42,38,46,16
08/30/2006,35,03,19,43,33,01
09/02/2006,24,28,03,49,08,25
09/06/2006,27,35,21,55,02,01
09/09/2006,20,47,03,22,19,02
09/13/2006,15,47,19,45,26,03
09/16/2006,26,42,27,07,08,12
09/20/2006,54,08,07,29,17,26
09/23/2006,21,45,26,13,50,20
09/27/2006,49,23,33,35,28,16
09/30/2006,30,32,15,39,06,05
10/04/2006,39,27,07,03,40,08
10/07/2006,04,31,45,03,08,12
10/11/2006,38,10,35,05,12,09
10/14/2006,26,15,01,17,40,19
10/18/2006,41,02,24,34,48,24
10/21/2006,45,55,29,09,31,07
10/25/2006,16,40,43,48,42,01
10/28/2006,38,22,41,30,14,12
11/01/2006,46,54,13,07,08,35
11/04/2006,44,13,34,12,39,05
11/08/2006,12,53,08,11,26,04
11/11/2006,40,49,38,35,55,41
11/15/2006,11,28,43,30,34,29
11/18/2006,42,36,19,01,08,20
11/22/2006,22,49,32,36,55,08
11/25/2006,55,49,28,05,18,38
11/29/2006,02,09,12,08,19,25
12/02/2006,42,34,50,45,17,11
12/06/2006,38,36,35,07,34,14
12/09/2006,52,22,19,34,30,40
12/13/2006,33,32,19,54,42,15
12/16/2006,28,17,36,05,51,05
12/20/2006,06,26,14,01,34,34
12/23/2006,27,43,53,08,52,05
12/27/2006,14,29,16,27,41,29
12/30/2006,31,28,23,09,36,26
01/03/2007,12,55,24,35,10,31
01/06/2007,24,40,01,50,49,38
01/10/2007,45,54,42,53,36,36
01/13/2007,21,01,26,23,25,04
01/17/2007,52,35,16,49,50,31
01/20/2007,01,38,05,26,32,30
01/24/2007,53,29,09,42,19,17
01/27/2007,10,26,19,32,27,14
01/31/2007,48,42,02,25,15,14
02/03/2007,13,20,33,42,12,37
02/07/2007,22,04,28,37,52,10
02/10/2007,41,11,16,42,02,16
02/14/2007,03,30,26,54,55,15
02/17/2007,35,01,15,37,45,32
02/21/2007,08,02,29,22,37,03
02/24/2007,42,55,38,54,36,24
02/28/2007,41,20,13,42,53,02
03/03/2007,16,22,05,01,48,06
03/07/2007,18,16,46,19,13,36
03/10/2007,42,18,43,34,14,32
03/14/2007,44,04,27,30,39,18
03/17/2007,17,47,44,07,54,03
03/21/2007,53,38,24,54,16,05
03/24/2007,53,38,40,10,48,03
03/28/2007,47,06,35,20,37,01
03/31/2007,36,05,02,16,40,36
04/04/2007,39,19,53,30,40,16
04/07/2007,28,55,54,02,31,23
04/11/2007,42,51,06,38,15,18
04/14/2007,12,49,21,36,38,18
04/18/2007,13,10,24,12,06,19
04/21/2007,45,26,28,22,33,17
04/25/2007,14,12,13,17,53,11
04/28/2007,16,43,46,49,22,10
05/02/2007,40,01,08,47,35,09
05/05/2007,29,21,13,40,50,06
05/09/2007,44,02,52,30,13,40
05/12/2007,30,51,53,44,46,25
05/16/2007,42,07,16,06,34,23
05/19/2007,26,19,45,21,03,02
05/23/2007,38,24,03,11,36,06
05/26/2007,21,05,46,01,51,29
05/30/2007,55,07,54,23,35,28
06/02/2007,02,36,22,32,47,36
06/06/2007,45,14,48,05,09,28
06/09/2007,10,07,32,25,41,22
06/13/2007,47,28,13,30,10,26
06/16/2007,08,47,04,51,32,27
06/20/2007,32,31,55,37,23,35
06/23/2007,27,43,14,15,53,28
06/27/2007,09,13,11,24,43,18
06/30/2007,38,39,47,24,46,26
07/04/2007,17,49,15,01,02,35
07/07/2007,47,21,41,15,27,20
07/11/2007,43,42,20,29,08,35
07/14/2007,01,36,30,34,21,37
07/18/2007,09,42,14,40,03,03
07/21/2007,46,39,30,14,43,14
07/25/2007,28,35,47,40,53,30
07/28/2007,19,24,47,27,15,11
08/01/2007,16,52,09,23,51,12
08/04/2007,27,24,02,36,23,03
08/08/2007,52,21,09,16,30,09
08/11/2007,37,01,11,10,40,20
08/15/2007,19,51,24,22,38,09
08/18/2007,15,12,31,28,50,12
08/22/2007,12,37,48,40,50,37
08/25/2007,23,29,35,08,02,19
08/29/2007,33,47,13,16,44,29
09/01/2007,19,39,23,37,12,13
09/05/2007,48,30,21,20,11,18
09/08/2007,12,30,07,48,28,40
09/12/2007,47,05,24,26,33,01
09/15/2007,51,48,16,13,27,21
09/19/2007,26,25,20,46,45,15
09/22/2007,04,09,18,55,43,03
09/26/2007,27,54,25,31,44,08
09/29/2007,38,55,33,31,49,39
10/03/2007,02,04,15,28,14,23
10/06/2007,33,32,51,08,30,02
10/10/2007,31,54,33,16,12,05
10/13/2007,21,34,36,30,49,42
10/17/2007,46,15,42,19,14,37
10/20/2007,40,10,11,37,54,10
10/24/2007,10,52,11,49,18,02
10/27/2007,13,25,30,40,43,12
10/31/2007,29,18,06,37,16,24
11/03/2007,01,38,40,53,31,42
11/07/2007,46,22,35,52,29,02
11/10/2007,06,26,30,24,22,12
11/14/2007,16,30,20,18,48,06
11/17/2007,53,52,49,27,17,23
11/21/2007,13,11,20,03,40,20
11/24/2007,07,01,23,35,13,19
11/28/2007,23,39,08,32,37,38
12/01/2007,41,32,39,55,07,13
12/05/2007,08,55,21,15,01,41
12/08/2007,31,08,29,25,04,41
12/12/2007,07,40,55,33,14,15
12/15/2007,47,22,37,48,50,17
12/19/2007,22,15,42,18,23,37
12/22/2007,34,10,38,05,11,21
12/26/2007,55,32,08,54,41,20
12/29/2007,08,12,49,17,35,18
01/02/2008,31,34,48,11,02,05
01/05/2008,33,11,16,04,40,09
01/09/2008,02,20,13,23,21,24
01/12/2008,47,53,43,23,39,14
01/16/2008,09,18,47,38,19,11
01/19/2008,28,20,23,25,27,02
01/23/2008,48,47,35,04,16,39
01/26/2008,39,53,35,11,54,24
01/30/2008,55,02,17,41,54,17
02/02/2008,14,44,25,26,16,30
02/06/2008,03,43,05,42,12,05
02/09/2008,24,04,23,43,30,28
02/13/2008,32,13,38,51,19,30
02/16/2008,03,49,04,20,08,18
02/20/2008,20,09,36,22,12,31
02/23/2008,23,29,08,13,47,32
02/27/2008,37,48,53,20,24,11
03/01/2008,31,21,19,02,55,19
03/05/2008,10,15,23,16,31,05
03/08/2008,29,49,17,34,31,16
03/12/2008,30,12,34,19,36,08
03/15/2008,06,42,43,47,22,16
03/19/2008,29,06,08,49,41,42
03/22/2008,48,46,28,25,07,19
03/26/2008,20,37,49,09,12,17
03/29/2008,18,36,31,25,20,07
04/02/2008,37,01,55,44,34,33
04/05/2008,30,47,27,12,37,26
04/09/2008,46,13,32,03,19,18
04/12/2008,52,11,55,48,29,36
04/16/2008,21,18,11,16,51,16
04/19/2008,24,13,19,39,33,08
04/23/2008,22,39,21,20,11,01
04/26/2008,27,45,07,12,17,24
04/30/2008,25,51,43,17,01,38
05/03/2008,28,02,36,46,42,40
05/07/2008,42,26,25,28,09,26
05/10/2008,30,07,18,45,41,06
05/14/2008,46,29,21,32,19,32
05/17/2008,12,21,14,15,43,30
05/21/2008,21,33,42,07,16,25
05/24/2008,40,33,51,52,41,06
05/28/2008,18,45,22,10,37,09
05/31/2008,09,17,03,14,25,08
06/04/2008,18,05,52,40,20,03
06/07/2008,26,44,34,12,48,09
06/11/2008,07,49,18,28,21,01
06/14/2008,50,31,09,20,11,14
06/18/2008,52,09,31,39,12,32
06/21/2008,08,07,50,31,09,31
06/25/2008,53,45,14,21,25,09
06/28/2008,26,32,14,34,44,06
07/02/2008,46,33,52,48,04,17
07/05/2008,24,47,34,01,48,18
07/09/2008,05,31,07,49,53,14
07/12/2008,20,50,12,02,22,17
07/16/2008,03,23,15,42,29,17
07/19/2008,55,46,53,06,28,02
07/23/2008,52,11,14,35,41,02
07/26/2008,51,55,21,12,13,18
07/30/2008,25,55,03,51,45,13
08/02/2008,05,28,33,02,54,30
08/06/2008,24,37,05,36,51,19
08/09/2008,53,40,32,49,43,21
08/13/2008,31,10,05,23,19,26
08/16/2008,05,43,34,52,40,20
08/20/2008,15,24,47,35,16,26
08/23/2008,47,33,18,48,24,23
08/27/2008,13,49,31,48,36,11
08/30/2008,14,32,47,02,15,36
09/03/2008,49,38,40,46,50,34
09/06/2008,26,54,49,25,17,11
09/10/2008,37,28,15,53,14,18
09/13/2008,29,17,07,51,43,38
09/17/2008,12,26,32,23,44,20
09/20/2008,47,30,40,28,06,24
09/24/2008,32,36,13,21,05,33
09/27/2008,40,24,13,29,52,29
10/01/2008,43,39,08,09,55,26
10/04/2008,39,04,32,01,26,18
10/08/2008,48,12,54,17,02,02
10/11/2008,39,03,17,47,07,09
10/15/2008,03,13,38,32,48,13
10/18/2008,40,10,14,32,49,15
10/22/2008,17,52,10,33,51,05
10/25/2008,48,01,03,38,14,02
10/29/2008,37,50,20,30,52,33
11/01/2008,40,04,41,06,26,15
11/05/2008,18,33,36,04,08,32
11/08/2008,40,36,04,21,02,41
11/12/2008,18,45,25,01,29,02
11/15/2008,07,44,08,12,03,37
11/19/2008,08,45,13,39,38,31
11/22/2008,19,32,26,45,17,14
11/26/2008,11,31,52,26,34,14
11/29/2008,05,55,33,39,36,21
12/03/2008,17,21,25,16,55,03
12/06/2008,53,09,39,43,35,10
12/10/2008,37,06,41,24,15,37
12/13/2008,40,14,28,26,31,13
12/17/2008,11,07,30,24,18,26
12/20/2008,03,19,32,54,14,24
12/24/2008,17,02,32,22,41,08
12/27/2008,12,43,15,31,26,10
12/31/2008,11,53,08,07,17,36
01/03/2009,38,22,55,24,17,24
01/07/2009,31,52,23,33,38,24
01/10/2009,08,56,10,18,43,09
01/14/2009,46,34,25,08,39,34
01/17/2009,09,05,59,23,02,26
01/21/2009,26,20,54,46,38,23
01/24/2009,06,37,42,20,25,25
01/28/2009,10,32,18,05,23,04
01/31/2009,33,26,14,41,01,37
02/04/2009,24,44,30,32,07,18
02/07/2009,18,53,05,28,20,27
02/11/2009,05,22,45,49,10,37
02/14/2009,33,08,45,09,02,05
02/18/2009,44,15,56,39,02,15
02/21/2009,31,46,13,45,41,21
02/25/2009,32,49,42,56,17,11
02/28/2009,03,58,16,20,42,07
03/04/2009,06,01,44,55,49,36
03/07/2009,59,27,56,28,21,21
03/11/2009,13,07,47,03,34,30
03/14/2009,07,44,33,30,51,10
03/18/2009,16,29,26,45,41,01
03/21/2009,49,27,23,52,19,21
03/25/2009,23,47,10,20,54,26
03/28/2009,48,02,16,41,03,19
04/01/2009,02,33,41,54,09,14
04/04/2009,21,57,58,14,50,07
04/08/2009,52,56,01,06,48,09
04/11/2009,46,49,07,35,28,20
04/15/2009,59,22,26,16,27,05
04/18/2009,07,28,44,43,15,20
04/22/2009,30,15,48,22,37,12
04/25/2009,52,42,30,08,26,15
04/29/2009,06,36,50,19,59,13
05/02/2009,45,20,38,42,03,27
05/06/2009,12,07,22,31,08,18
05/09/2009,49,32,04,15,58,21
05/13/2009,30,40,37,32,19,37
05/16/2009,06,07,40,56,31,38
05/20/2009,23,30,42,35,31,06
05/23/2009,52,19,57,34,23,21
05/27/2009,05,16,06,21,12,07
05/30/2009,51,42,01,59,23,20
06/03/2009,22,20,32,16,37,09
06/06/2009,45,10,23,30,18,02
06/10/2009,26,42,58,27,15,37
06/13/2009,20,41,13,35,16,06
06/17/2009,53,09,37,05,42,27
06/20/2009,28,22,03,11,18,33
06/24/2009,53,24,51,16,18,16
06/27/2009,48,39,26,18,22,17
07/01/2009,38,53,09,52,32,15
07/04/2009,22,04,41,44,09,14
07/08/2009,50,56,42,53,19,39
07/11/2009,39,01,04,42,20,02
07/15/2009,26,50,57,52,51,37
07/18/2009,21,26,47,04,28,37
07/22/2009,06,22,04,16,32,11
07/25/2009,33,05,52,46,17,09
07/29/2009,38,02,43,05,59,08
08/01/2009,53,37,46,39,05,08
08/05/2009,34,25,41,49,46,29
08/08/2009,45,37,50,33,04,11
08/12/2009,32,10,25,47,34,05
08/15/2009,14,26,32,15,36,12
08/19/2009,43,14,31,51,24,27
08/22/2009,06,51,03,20,32,23
08/26/2009,43,23,01,21,30,11
08/29/2009,01,53,20,37,52,33
09/02/2009,23,47,36,18,59,36
09/05/2009,35,27,16,09,57,29
09/09/2009,16,18,51,53,04,23
09/12/2009,13,28,56,41,38,25
09/16/2009,17,56,37,40,51,25
09/19/2009,25,24,49,30,05,23
09/23/2009,07,08,29,20,25,11
09/26/2009,34,20,36,39,18,19
09/30/2009,52,54,41,42,57,30
10/03/2009,50,57,24,12,48,22
10/07/2009,02,50,38,21,20,22
10/10/2009,45,49,50,13,32,30
10/14/2009,15,30,05,40,25,06
10/17/2009,16,05,49,30,25,39
10/21/2009,34,51,45,06,16,04
10/24/2009,38,22,59,49,14,16
10/28/2009,51,46,26,03,11,23
10/31/2009,19,26,54,41,02,23
11/04/2009,51,10,45,11,14,17
11/07/2009,32,37,46,50,07,26
11/11/2009,12,08,22,29,14,22
11/14/2009,57,30,19,48,32,14
11/18/2009,58,59,32,50,42,31
11/21/2009,26,36,07,49,58,04
11/25/2009,18,13,04,59,49,05
11/28/2009,46,50,27,28,26,21
12/02/2009,37,46,14,34,55,37
12/05/2009,41,58,27,39,44,17
12/09/2009,58,12,05,01,13,21
12/12/2009,14,41,12,13,35,29
12/16/2009,23,43,25,35,13,15
12/19/2009,24,41,17,47,39,21
12/23/2009,52,08,49,51,32,23
12/26/2009,53,41,36,32,37,30
12/30/2009,05,52,14,38,39,06
01/02/2010,23,03,07,42,27,37
01/06/2010,56,27,29,20,58,31
01/09/2010,41,44,20,54,50,22
01/13/2010,32,15,08,11,50,27
01/16/2010,41,08,07,55,23,23
01/20/2010,46,15,43,44,32,19
01/23/2010,53,16,15,42,20,17
01/27/2010,15,26,31,06,20,09
01/30/2010,26,35,48,47,06,21
02/03/2010,37,52,22,36,17,24
02/06/2010,22,54,52,14,59,04
02/10/2010,29,08,37,38,05,34
02/13/2010,14,10,40,51,30,01
02/17/2010,36,07,26,08,19,15
02/20/2010,13,54,41,37,27,32
02/24/2010,50,17,57,35,04,12
02/27/2010,47,18,58,53,51,30
03/03/2010,14,49,09,07,45,23
03/06/2010,41,33,10,59,29,15
03/10/2010,41,37,17,50,21,01
03/13/2010,16,36,20,06,31,08
03/17/2010,55,26,48,45,24,08
03/20/2010,09,36,44,45,39,09
03/24/2010,14,49,39,24,20,07
03/27/2010,21,07,32,52,44,10
03/31/2010,13,45,54,05,17,12
04/03/2010,15,59,52,10,31,04
04/07/2010,36,52,44,04,40,33
04/10/2010,21,22,52,49,58,34
04/14/2010,14,06,32,52,38,20
04/17/2010,22,41,49,21,05,15
04/21/2010,11,34,55,41,49,20
04/24/2010,57,56,01,53,12,05
04/28/2010,28,44,12,22,25,24
05/01/2010,23,25,16,49,58,20
05/05/2010,47,13,34,40,57,11
05/08/2010,41,05,57,34,22,31
05/12/2010,52,58,53,37,51,38
05/15/2010,28,15,36,23,21,20
05/19/2010,07,58,55,29,02,27
05/22/2010,20,19,47,57,40,29
05/26/2010,06,20,10,01,13,32
05/29/2010,24,03,28,01,41,10
06/02/2010,39,14,43,09,04,38
06/05/2010,18,34,40,59,48,25
06/09/2010,22,49,27,14,32,05
06/12/2010,38,13,12,09,35,30
06/16/2010,29,18,11,36,08,06
06/19/2010,54,31,09,30,50,39
06/23/2010,48,11,45,30,47,10
06/26/2010,57,30,13,38,32,25
06/30/2010,38,43,06,48,47,27
07/03/2010,52,53,03,14,10,03
07/07/2010,10,41,44,56,48,04
07/10/2010,28,21,20,56,27,04
07/14/2010,21,23,38,20,42,06
07/17/2010,27,37,22,45,35,03
07/21/2010,16,58,22,30,51,25
07/24/2010,59,30,46,38,20,27
07/28/2010,01,11,20,27,25,02
07/31/2010,01,57,16,41,17,15
08/04/2010,53,30,19,37,28,36
08/07/2010,52,26,31,22,04,30
08/11/2010,22,52,10,23,07,29
08/14/2010,58,50,36,09,33,31
08/18/2010,47,04,33,32,55,39
08/21/2010,07,22,10,27,12,26
08/25/2010,17,36,29,16,31,23
08/28/2010,32,56,04,27,22,13
09/01/2010,40,20,21,17,51,19
09/04/2010,33,22,42,14,11,38
09/08/2010,10,57,51,35,39,20
09/11/2010,36,20,59,17,07,33
09/15/2010,07,20,21,34,43,34
09/18/2010,18,44,01,39,37,13
09/22/2010,10,36,52,24,55,15
09/25/2010,08,35,27,16,42,30
09/29/2010,52,13,55,44,51,30
10/02/2010,30,12,36,20,47,25
10/06/2010,26,41,14,37,46,24
10/09/2010,42,32,49,06,02,35
10/13/2010,46,34,32,22,12,02
10/16/2010,28,16,12,11,15,11
10/20/2010,20,39,07,17,59,17
10/23/2010,20,02,46,07,16,34
10/27/2010,25,24,20,59,53,15
10/30/2010,49,07,27,01,36,39
11/03/2010,34,45,38,39,50,33
11/06/2010,07,12,23,34,38,33
11/10/2010,05,08,44,40,11,10
11/13/2010,30,51,17,48,54,29
11/17/2010,14,59,54,53,16,05
11/20/2010,12,10,38,53,57,01
11/24/2010,20,08,21,37,32,04
11/27/2010,47,37,30,54,10,39
12/01/2010,10,05,12,11,20,02
12/04/2010,27,24,42,31,13,22
12/08/2010,25,08,11,58,41,16
12/11/2010,01,08,19,10,20,23
12/15/2010,32,18,45,10,11,18
12/18/2010,43,19,04,11,33,14
12/22/2010,33,11,44,47,46,12
12/25/2010,52,50,01,38,17,24
12/29/2010,18,37,20,16,03,30
01/01/2011,37,47,18,22,54,36
01/05/2011,40,22,32,26,38,07
01/08/2011,07,52,06,33,26,24
01/12/2011,48,23,40,21,19,27
01/15/2011,22,13,09,37,23,31
01/19/2011,36,51,56,22,59,32
01/22/2011,34,30,51,31,45,23
01/26/2011,04,47,58,05,36,06
01/29/2011,28,45,24,52,49,02
02/02/2011,33,57,53,03,14,36
02/05/2011,15,41,59,37,56,05
02/09/2011,51,39,42,11,07,30
02/12/2011,32,52,36,48,11,19
02/16/2011,23,48,21,09,13,24
02/19/2011,12,34,03,42,37,36
02/23/2011,32,36,39,29,49,29
02/26/2011,04,45,21,17,13,10
03/02/2011,50,58,07,31,51,06
03/05/2011,42,31,23,48,02,21
03/09/2011,12,20,28,40,48,08
03/12/2011,04,41,01,12,47,03
03/16/2011,53,28,48,39,40,09
03/19/2011,11,20,46,27,03,08
03/23/2011,15,28,05,26,32,09
03/26/2011,10,04,11,33,19,27
03/30/2011,58,56,20,19,42,37
04/02/2011,43,22,34,06,45,23
04/06/2011,56,18,55,10,41,15
04/09/2011,53,05,56,14,32,11
04/13/2011,04,49,39,50,23,39
04/16/2011,21,55,33,45,44,07
04/20/2011,09,24,43,34,36,27
04/23/2011,58,11,03,48,47,19
04/27/2011,40,44,55,24,04,05
04/30/2011,41,15,06,13,32,03
05/04/2011,15,41,29,27,03,24
05/07/2011,11,55,47,02,27,15
05/11/2011,43,32,09,45,17,31
05/14/2011,40,18,17,08,44,16
05/18/2011,07,12,42,49,13,16
05/21/2011,08,49,02,40,50,36
05/25/2011,50,04,31,42,23,23
05/28/2011,43,12,20,51,55,11
06/01/2011,56,38,46,08,18,31
06/04/2011,17,58,39,19,41,21
06/08/2011,53,37,14,44,45,29
06/11/2011,50,16,18,36,27,08
06/15/2011,41,43,20,19,38,29
06/18/2011,22,38,21,12,41,18
06/22/2011,59,12,46,19,15,12
06/25/2011,18,39,57,36,41,12
06/29/2011,30,24,57,59,45,26
07/02/2011,11,29,01,51,18,32
07/06/2011,55,50,24,11,15,08
07/09/2011,31,09,23,01,11,06
07/13/2011,54,18,08,19,32,08
07/16/2011,28,48,54,24,50,25
07/20/2011,40,42,38,01,04,17
07/23/2011,38,01,48,27,07,30
07/27/2011,40,51,59,41,38,33
07/30/2011,55,20,40,47,41,19
08/03/2011,49,19,13,28,21,11
08/06/2011,57,59,54,25,30,06
08/10/2011,46,41,36,18,11,38
08/13/2011,35,09,50,12,58,04
08/17/2011,31,28,48,18,52,37
08/20/2011,23,02,47,28,17,36
08/24/2011,49,53,13,09,47,39
08/27/2011,02,54,12,58,25,14
08/31/2011,19,35,57,47,13,29
09/03/2011,15,52,25,53,54,02
09/07/2011,54,03,05,27,18,13
09/10/2011,32,53,22,04,19,24
09/14/2011,16,50,42,59,41,05
09/17/2011,43,22,06,20,32,11
09/21/2011,47,52,55,48,12,13
09/24/2011,27,12,03,04,44,26
09/28/2011,41,51,30,50,53,08
10/01/2011,27,43,12,23,01,31
10/05/2011,46,07,43,54,20,17
10/08/2011,35,03,37,27,45,31
10/12/2011,43,10,12,23,47,18
10/15/2011,38,24,05,10,43,01
10/19/2011,26,35,16,52,58,02
10/22/2011,08,03,23,30,58,13
10/26/2011,39,21,01,18,55,06
10/29/2011,11,40,16,51,56,38
11/02/2011,12,39,14,46,34,36
11/05/2011,43,39,02,33,40,26
11/09/2011,58,59,35,05,57,12
11/12/2011,56,04,35,51,36,08
11/16/2011,22,25,39,13,51,28
11/19/2011,16,09,17,28,30,11
11/23/2011,30,35,57,04,59,25
11/26/2011,55,20,37,45,39,28
11/30/2011,47,06,02,34,35,22
12/03/2011,18,05,33,43,45,08
12/07/2011,39,20,14,40,03,37
12/10/2011,33,41,04,19,59,09
12/14/2011,46,52,24,56,02,19
12/17/2011,59,28,51,13,49,33
12/21/2011,31,15,13,54,10,18
12/24/2011,52,51,16,14,30,19
12/28/2011,16,27,45,41,21,14
12/31/2011,05,25,40,23,28,34
01/04/2012,50,35,21,47,46,02
01/07/2012,03,24,38,21,39,24
01/11/2012,47,05,29,45,19,25
01/14/2012,41,30,10,36,38,01
01/18/2012,50,34,29,06,44,28
01/21/2012,44,12,43,24,45,07
01/25/2012,28,19,29,47,04,05
01/28/2012,41,54,59,33,05,13
02/01/2012,08,13,59,17,34,35
02/04/2012,23,56,43,45,15,07
02/08/2012,38,51,17,28,39,33
02/11/2012,37,52,10,01,57,11
02/15/2012,12,11,32,56,52,11
02/18/2012,23,50,28,59,56,05
02/22/2012,17,39,16,07,51,32
02/25/2012,54,11,06,42,53,07
02/29/2012,26,01,11,04,23,14
03/03/2012,47,30,29,49,45,35
03/07/2012,45,35,47,46,12,12
03/10/2012,05,41,20,14,17,05
03/14/2012,01,08,59,46,41,24
03/17/2012,11,55,58,14,49,30
03/21/2012,32,43,53,55,56,06
03/24/2012,15,37,35,01,47,08
03/28/2012,50,58,16,29,11,33
03/31/2012,14,05,58,54,36,27
04/04/2012,33,24,49,45,01,06
04/07/2012,13,30,05,20,17,18
04/11/2012,44,42,16,47,23,02
04/14/2012,15,16,19,14,24,02
04/18/2012,22,39,49,46,20,29
04/21/2012,08,42,51,20,06,16
04/25/2012,29,43,25,04,34,29
04/28/2012,57,40,58,31,39,33
05/02/2012,07,33,50,38,08,29
05/05/2012,12,59,44,20,09,23
05/09/2012,56,07,01,11,55,01
05/12/2012,35,24,58,53,10,22
05/16/2012,21,43,28,03,07,02
05/19/2012,46,13,08,51,35,30
05/23/2012,59,07,53,26,04,32
05/26/2012,49,59,13,41,14,14
05/30/2012,10,56,09,24,52,14
06/02/2012,17,45,10,29,09,33
06/06/2012,59,48,19,33,30,27
06/09/2012,56,45,57,22,18,27
06/13/2012,14,57,33,10,07,18
06/16/2012,14,16,27,15,08,26
06/20/2012,17,11,29,56,57,14
06/23/2012,44,01,53,03,41,30
06/27/2012,58,34,06,46,40,06
06/30/2012,20,07,15,41,44,22
07/04/2012,35,19,14,39,56,33
07/07/2012,05,03,29,59,39,29
07/11/2012,05,36,49,55,22,23
07/14/2012,04,46,16,37,32,13
07/18/2012,05,02,57,23,20,03
07/21/2012,09,54,38,56,31,20
07/25/2012,14,03,46,38,35,16
07/28/2012,06,50,05,36,13,13
08/01/2012,58,03,56,48,16,04
08/04/2012,55,30,53,48,19,18
08/08/2012,07,15,03,11,28,12
08/11/2012,51,13,46,39,04,01
08/15/2012,56,27,46,06,51,21
08/18/2012,55,41,26,14,59,01
08/22/2012,47,31,22,29,55,19
08/25/2012,07,20,06,01,49,23
08/29/2012,49,54,28,25,56,28
09/01/2012,08,44,21,11,49,22
09/05/2012,42,04,26,51,19,29
09/08/2012,34,44,20,48,06,29
09/12/2012,48,56,24,36,33,06
09/15/2012,43,26,03,20,48,01
09/19/2012,50,01,08,39,05,23
09/22/2012,40,42,18,16,02,33
09/26/2012,41,26,42,13,39,10
09/29/2012,57,14,29,18,28,08
10/03/2012,55,23,17,59,36,10
10/06/2012,36,59,26,15,34,35
10/10/2012,35,18,43,29,26,28
10/13/2012,05,02,26,25,49,18
10/17/2012,42,23,10,07,01,35
10/20/2012,04,28,31,44,21,10
10/24/2012,18,50,23,03,21,04
10/27/2012,34,56,36,32,22,33
10/31/2012,45,31,01,48,27,05
11/03/2012,54,04,07,09,30,25
11/07/2012,32,45,34,52,58,20
11/10/2012,55,32,50,54,42,32
11/14/2012,44,10,58,08,30,13
11/17/2012,15,59,27,58,03,20
11/21/2012,24,30,08,18,39,26
11/24/2012,22,32,37,44,50,34
11/28/2012,05,23,16,22,29,06
12/01/2012,46,10,03,19,36,03
12/05/2012,27,19,38,13,17,12
12/08/2012,23,40,53,26,07,21
12/12/2012,36,25,44,08,10,28
12/15/2012,40,23,44,55,15,14
12/19/2012,23,20,05,30,08,03
12/22/2012,18,44,35,39,01,11
12/26/2012,54,43,13,11,23,04
12/29/2012,55,52,46,50,36,14
01/02/2013,20,18,53,28,35,20
01/05/2013,30,49,54,26,51,25
01/09/2013,11,20,13,27,59,26
01/12/2013,47,21,23,14,10,07
01/16/2013,51,21,32,28,09,35
01/19/2013,29,08,28,34,38,35
01/23/2013,24,43,11,12,45,09
01/26/2013,22,49,41,26,03,18
01/30/2013,47,16,14,32,52,16
02/02/2013,41,33,16,40,11,34
02/06/2013,36,38,05,27,41,12
02/09/2013,58,36,16,06,05,03
02/13/2013,12,43,27,25,23,29
02/16/2013,58,16,15,46,50,29
02/20/2013,25,03,32,17,19,17
02/23/2013,41,31,39,02,05,29
02/27/2013,48,20,14,34,03,21
03/02/2013,56,13,08,41,03,16
03/06/2013,45,10,06,23,41,01
03/09/2013,46,52,37,10,40,12
03/13/2013,38,09,32,28,05,29
03/16/2013,44,53,07,21,03,16
03/20/2013,43,17,14,13,54,15
03/23/2013,29,53,52,17,31,31
03/27/2013,43,48,07,37,52,16
03/30/2013,23,46,11,26,55,27
04/03/2013,35,08,12,01,06,03
04/06/2013,39,29,04,08,07,24
04/10/2013,40,01,52,36,53,20
04/13/2013,10,57,31,12,56,33
04/17/2013,58,18,48,13,36,28
04/20/2013,06,39,08,30,48,20
04/24/2013,09,59,31,56,19,02
04/27/2013,55,54,48,23,03,05
05/01/2013,31,22,55,26,54,18
05/04/2013,26,36,40,07,12,17
05/08/2013,21,57,26,22,30,27
05/11/2013,06,23,19,43,13,16
05/15/2013,02,34,11,41,26,32
05/18/2013,22,10,13,14,52,11
05/22/2013,31,35,41,09,57,26
05/25/2013,27,21,19,06,02,25
05/29/2013,49,14,09,17,57,02
06/01/2013,33,53,59,22,28,14
06/05/2013,04,36,26,33,55,32
06/08/2013,02,26,11,32,22,19
06/12/2013,22,16,42,23,55,32
06/15/2013,48,55,28,40,36,01
06/19/2013,57,47,46,52,07,17
06/22/2013,33,57,19,23,13,28
06/26/2013,01,46,39,33,18,33
06/29/2013,28,08,56,53,30,16
07/03/2013,40,06,51,29,03,04
07/06/2013,52,02,36,35,13,11
07/10/2013,55,45,31,30,59,27
07/13/2013,08,37,02,35,22,06
07/17/2013,22,01,42,38,34,17
07/20/2013,14,27,58,25,38,06
07/24/2013,44,29,54,40,09,07
07/27/2013,58,53,40,23,09,06
07/31/2013,08,24,59,39,49,05
08/03/2013,24,36,21,45,42,15
08/07/2013,58,05,25,59,30,32
08/10/2013,37,58,14,04,12,13
08/14/2013,17,43,11,04,51,20
08/17/2013,18,54,56,21,46,23
08/21/2013,30,48,42,46,40,23
08/24/2013,45,17,59,12,25,19
08/28/2013,32,19,07,09,06,13
08/31/2013,40,25,07,56,02,20
09/04/2013,02,45,26,09,47,11
09/07/2013,02,22,19,45,26,24
09/11/2013,19,33,42,52,11,33
09/14/2013,01,25,44,17,37,20
09/18/2013,07,10,35,32,22,19
09/21/2013,58,54,45,17,12,13
09/25/2013,49,07,17,53,02,23
09/28/2013,47,53,14,52,54,05
10/02/2013,06,51,42,04,25,17
10/05/2013,11,39,40,17,12,05
10/09/2013,09,38,03,33,19,18
10/12/2013,10,58,26,57,08,04
10/16/2013,03,42,26,34,28,28
10/19/2013,33,09,56,54,57,05
10/23/2013,47,34,23,31,03,13
10/26/2013,56,06,04,34,49,29
10/30/2013,54,02,49,36,40,10
11/02/2013,27,40,13,23,24,17
11/06/2013,49,01,05,10,15,22
11/09/2013,37,56,03,49,09,32
11/13/2013,31,05,55,50,56,09
11/16/2013,29,37,59,10,44,10
11/20/2013,32,04,45,23,18,07
11/23/2013,12,52,55,43,05,10
11/27/2013,57,25,18,55,50,17
11/30/2013,26,05,45,44,57,29
12/04/2013,09,06,11,44,31,25
12/07/2013,45,13,48,32,20,17
12/11/2013,10,18,19,01,13,27
12/14/2013,33,41,25,14,32,34
12/18/2013,39,07,40,24,37,01
12/21/2013,36,51,45,25,40,08
12/25/2013,38,56,28,39,23,32
12/28/2013,56,51,35,44,08,18
01/01/2014,52,48,15,24,40,23
01/04/2014,19,58,37,20,41,14
01/08/2014,39,28,58,47,10,22
01/11/2014,54,15,48,33,10,34
01/15/2014,29,08,09,07,24,25
01/18/2014,38,14,13,19,31,25
01/22/2014,55,02,07,01,09,29
01/25/2014,57,08,55,12,18,02
01/29/2014,47,23,11,28,32,20
02/01/2014,12,15,38,05,27,07
02/05/2014,08,57,17,59,32,24
02/08/2014,54,37,34,25,24,29
02/12/2014,52,49,36,57,44,01
02/15/2014,09,23,02,14,21,03
02/19/2014,17,49,54,35,01,34
02/22/2014,13,02,54,14,03,04
02/26/2014,42,11,12,38,17,02
03/01/2014,03,08,25,47,30,13
03/05/2014,26,03,09,07,54,19
03/08/2014,14,24,32,41,10,30
03/12/2014,28,54,14,15,37,10
03/15/2014,34,05,51,02,58,09
03/19/2014,34,23,43,19,02,14
03/22/2014,55,13,28,58,31,15
03/26/2014,33,41,59,44,28,21
03/29/2014,03,12,27,38,02,17
04/02/2014,19,22,13,53,08,24
04/05/2014,26,11,21,34,33,29
04/09/2014,49,14,48,09,44,29
04/12/2014,26,45,14,55,54,20
04/16/2014,42,34,59,39,44,08
04/19/2014,35,06,51,05,29,21
04/23/2014,29,48,36,19,25,12
04/26/2014,30,03,22,07,33,20
04/30/2014,09,02,19,50,11,32
05/03/2014,15,05,46,49,16,26
05/07/2014,48,31,17,49,29,34
05/10/2014,41,47,55,31,04,01
05/14/2014,55,07,52,33,39,33
05/17/2014,32,23,47,39,49,22
05/21/2014,20,34,58,04,39,31
05/24/2014,55,15,49,16,28,18
05/28/2014,24,02,28,32,59,25
05/31/2014,34,15,48,27,31,01
06/04/2014,22,07,01,10,49,24
06/07/2014,58,30,35,28,59,15
06/11/2014,14,25,33,18,49,23
06/14/2014,33,54,42,09,45,30
06/18/2014,06,52,59,29,09,07
06/21/2014,41,06,54,05,37,26
06/25/2014,50,53,10,20,25,35
06/28/2014,56,08,12,43,34,09
07/02/2014,58,18,53,08,45,35
07/05/2014,34,58,24,36,57,11
07/09/2014,09,55,42,25,57,14
07/12/2014,23,07,02,03,51,26
07/16/2014,05,32,26,18,15,35
07/19/2014,10,53,17,25,45,09
07/23/2014,22,12,04,31,10,03
07/26/2014,38,39,28,24,30,16
07/30/2014,49,13,30,53,42,29
08/02/2014,12,46,44,47,26,29
08/06/2014,49,01,08,24,28,24
08/09/2014,34,12,31,51,03,24
08/13/2014,37,08,40,52,39,24
08/16/2014,07,08,17,59,48,09
08/20/2014,21,40,08,38,04,03
08/23/2014,52,28,36,32,35,31
08/27/2014,24,17,45,46,26,19
08/30/2014,05,52,28,59,31,27
09/03/2014,43,02,51,45,16,35
09/06/2014,29,43,31,50,09,18
09/10/2014,14,39,02,40,43,13
09/13/2014,37,06,01,53,16,27
09/17/2014,36,18,25,50,48,23
09/20/2014,23,22,30,39,37,16
09/24/2014,07,14,24,41,21,26
09/27/2014,54,11,52,35,02,13
10/01/2014,20,01,45,18,04,07
10/04/2014,13,33,18,24,25,31
10/08/2014,46,50,16,31,05,18
10/11/2014,37,39,38,19,10,28
10/15/2014,05,07,28,27,19,20
10/18/2014,36,20,54,27,26,19
10/22/2014,40,42,30,29,50,16
10/25/2014,54,57,51,06,10,12
10/29/2014,48,28,59,25,57,16
11/01/2014,01,38,25,13,03,17
11/05/2014,19,02,11,21,42,34
11/08/2014,09,33,19,38,54,15
11/12/2014,55,37,39,52,51,11
11/15/2014,35,16,33,51,13,28
11/19/2014,38,06,36,48,51,17
11/22/2014,54,53,23,57,49,35
11/26/2014,46,17,22,16,54,35
11/29/2014,13,30,24,42,48,27
12/03/2014,54,30,32,46,25,26
12/06/2014,43,22,49,15,12,14
12/10/2014,48,34,55,44,54,10
12/13/2014,05,13,43,55,28,33
12/17/2014,47,31,48,38,22,15
12/20/2014,19,15,56,31,14,05
12/24/2014,46,11,12,47,50,22
12/27/2014,36,14,10,11,07,15
12/31/2014,40,27,17,53,37,35
01/03/2015,04,43,46,55,18,25
01/07/2015,47,49,59,15,14,10
01/10/2015,19,09,29,02,28,19
01/14/2015,10,04,53,02,41,22
01/17/2015,15,27,23,36,16,09
01/21/2015,57,12,28,15,11,23
01/24/2015,19,16,20,33,29,10
01/28/2015,49,24,12,36,35,01
01/31/2015,16,05,50,11,26,34
02/04/2015,51,52,36,24,56,22
02/07/2015,34,58,05,21,10,33
02/11/2015,25,11,54,13,39,19
02/14/2015,44,45,01,24,51,28
02/18/2015,29,01,49,09,32,22
02/21/2015,18,51,14,34,10,26
02/25/2015,39,17,21,32,19,08
02/28/2015,25,28,11,17,46,12
03/04/2015,08,35,15,12,50,32
03/07/2015,50,42,36,38,34,33
03/11/2015,24,44,31,11,40,27
03/14/2015,46,47,08,14,39,18
03/18/2015,30,47,33,25,14,08
03/21/2015,30,38,16,11,42,07
03/25/2015,54,23,19,07,50,14
03/28/2015,38,02,12,04,06,17
04/01/2015,44,39,30,33,02,01
04/04/2015,41,33,39,54,40,28
04/08/2015,01,19,45,58,46,29
04/11/2015,58,01,32,42,12,12
04/15/2015,01,21,29,16,40,30
04/18/2015,31,22,13,23,29,17
04/22/2015,25,10,14,39,53,18
04/25/2015,45,21,35,33,38,12
04/29/2015,26,01,38,34,51,06
05/02/2015,02,31,06,11,30,33
05/06/2015,24,41,39,23,27,30
05/09/2015,58,04,17,35,15,17
05/13/2015,31,29,01,47,25,07
05/16/2015,48,24,38,52,29,32
05/20/2015,12,01,44,28,35,25
05/23/2015,31,09,43,17,15,16
05/27/2015,08,15,59,34,53,23
05/30/2015,57,25,08,56,09,22
06/03/2015,06,40,37,13,08,11
06/06/2015,18,43,13,08,27,15
06/10/2015,49,32,31,53,48,25
06/13/2015,41,29,52,54,48,29
06/17/2015,22,20,21,54,41,07
06/20/2015,20,16,10,57,09,15
06/24/2015,05,10,03,22,32,07
06/27/2015,35,18,46,49,28,27
07/01/2015,24,41,31,26,07,25
07/04/2015,24,18,06,03,14,21
07/08/2015,30,27,25,15,04,18
07/11/2015,46,39,52,11,54,03
07/15/2015,45,34,13,50,16,11
07/18/2015,39,06,37,45,55,33
07/22/2015,31,12,57,44,43,11
07/25/2015,27,44,41,29,34,02
07/29/2015,04,52,22,27,28,35
08/01/2015,13,07,49,24,57,15
08/05/2015,42,14,09,16,11,19
08/08/2015,34,48,54,52,09,15
08/12/2015,29,38,08,13,52,28
08/15/2015,03,17,13,52,42,24
08/19/2015,06,43,48,50,08,07
08/22/2015,12,14,21,04,55,07
08/26/2015,22,56,02,45,32,12
08/29/2015,25,18,29,21,28,16
09/02/2015,17,46,22,30,56,16
09/05/2015,29,10,18,16,45,19
09/09/2015,50,44,45,51,47,08
09/12/2015,35,03,16,02,13,27
09/16/2015,07,05,39,24,31,07
09/19/2015,12,43,17,26,48,24
09/23/2015,08,29,51,58,41,05
09/26/2015,23,57,42,31,50,05
09/30/2015,40,59,21,39,55,17
10/03/2015,33,06,46,44,26,04
10/07/2015,52,40,48,18,30,09
10/10/2015,27,68,12,43,29,01
10/14/2015,20,15,31,40,29,01
10/17/2015,57,62,69,49,48,19
10/21/2015,57,32,30,42,56,11
10/24/2015,20,31,56,64,60,02
10/28/2015,56,62,54,63,04,10
10/31/2015,09,47,20,25,68,07
11/04/2015,12,02,17,20,65,17
11/07/2015,50,53,07,16,25,15
11/11/2015,26,04,32,55,64,18
11/14/2015,66,37,22,14,45,05
11/18/2015,40,17,46,69,41,06
11/21/2015,37,57,47,50,52,21
11/25/2015,53,16,69,58,29,21
11/28/2015,47,02,66,67,06,02
12/02/2015,14,18,19,64,32,09
12/05/2015,47,33,68,27,13,13
12/09/2015,16,46,10,56,07,01
12/12/2015,62,02,30,19,14,22
12/16/2015,09,42,10,55,32,06
12/19/2015,30,68,59,41,28,10
12/23/2015,67,16,63,38,55,25
12/26/2015,65,40,44,59,27,20
12/30/2015,12,61,54,38,36,22
01/02/2016,42,15,06,05,29,10
01/06/2016,47,02,63,62,11,17
01/09/2016,32,16,19,57,34,13
01/13/2016,08,27,34,04,19,10
01/16/2016,61,52,51,64,03,06
01/20/2016,44,05,39,69,47,24
01/23/2016,32,22,40,69,34,19
01/27/2016,40,52,03,67,12,21
01/30/2016,16,05,12,31,43,18
02/03/2016,26,60,67,31,28,23
02/06/2016,13,04,36,31,52,08
02/10/2016,02,62,40,50,03,05
02/13/2016,07,15,36,18,19,20
02/17/2016,29,27,07,40,17,25
02/20/2016,54,12,11,16,15,25
02/24/2016,67,21,65,31,64,05
02/27/2016,22,11,53,21,10,18
03/02/2016,62,52,13,12,44,06
03/05/2016,03,34,27,59,69,19
03/09/2016,32,34,14,23,68,03
03/12/2016,28,11,50,57,62,23
03/16/2016,46,50,12,13,10,21
03/19/2016,11,60,23,54,43,03
03/23/2016,22,15,49,05,08,25
03/26/2016,23,42,68,52,11,06
03/30/2016,55,24,63,53,44,19
04/02/2016,09,61,28,40,30,03
04/06/2016,65,28,49,60,04,25
04/09/2016,14,23,41,61,22,09
04/13/2016,30,35,38,33,64,22
04/16/2016,32,03,25,51,18,03
04/20/2016,62,30,12,25,52,08
04/23/2016,46,62,59,35,19,13
04/27/2016,25,39,64,02,33,17
04/30/2016,32,16,03,34,12,14
05/04/2016,47,69,30,66,57,03
05/07/2016,25,66,44,05,26,09
05/11/2016,69,32,52,66,20,23
05/14/2016,64,27,65,13,47,09
05/18/2016,25,67,39,23,54,11
05/21/2016,09,32,05,07,23,26
05/25/2016,64,24,59,41,11,15
05/28/2016,06,34,33,59,58,12
06/01/2016,40,69,33,23,30,12
06/04/2016,20,16,43,64,22,17
06/08/2016,37,69,12,25,60,20
06/11/2016,36,58,27,41,20,07
06/15/2016,33,04,24,31,22,10
06/18/2016,53,02,23,63,41,11
06/22/2016,14,42,43,52,40,17
06/25/2016,36,03,56,69,27,25
06/29/2016,29,37,23,64,60,06
07/02/2016,63,39,59,34,10,04
07/06/2016,66,57,02,31,24,18
07/09/2016,32,28,10,64,61,12
07/13/2016,57,15,29,03,54,10
07/16/2016,11,50,40,17,62,26
07/20/2016,06,58,66,25,35,05
07/23/2016,39,05,35,07,23,11
07/27/2016,10,47,68,65,50,24
07/30/2016,32,21,17,23,11,05
08/03/2016,66,27,11,09,67,02
08/06/2016,52,33,47,36,20,12
08/10/2016,64,56,61,23,67,12
08/13/2016,44,38,64,69,60,06
08/17/2016,44,49,33,50,52,08
08/20/2016,68,03,21,06,60,24
08/24/2016,25,11,09,65,64,16
08/27/2016,48,32,63,04,49,20
08/31/2016,10,56,24,61,05,12
09/03/2016,39,59,07,67,50,25
09/07/2016,23,55,33,22,29,21
09/10/2016,03,17,49,68,55,08
09/14/2016,10,31,23,28,11,14
09/17/2016,51,19,09,62,55,14
09/21/2016,63,67,01,69,28,17
09/24/2016,15,07,29,41,20,22
09/28/2016,30,53,62,38,52,01
10/01/2016,12,64,50,61,02,01
10/05/2016,60,29,18,27,08,15
10/08/2016,03,64,68,61,54,09
10/12/2016,34,44,30,16,37,16
10/15/2016,64,49,57,23,67,20
10/19/2016,43,63,16,38,10,23
10/22/2016,01,55,33,28,56,22
10/26/2016,48,56,02,16,03,24
10/29/2016,42,48,20,21,19,23
11/02/2016,18,54,61,13,37,05
11/05/2016,31,50,69,21,51,08
11/09/2016,28,31,54,25,01,02
11/12/2016,20,08,27,52,17,24
11/16/2016,28,61,63,41,65,07
11/19/2016,24,61,43,16,28,21
11/23/2016,07,61,41,47,32,03
11/26/2016,21,17,37,44,19,16
11/30/2016,03,45,25,14,18,07
12/03/2016,27,26,33,08,10,22
12/07/2016,49,64,48,41,53,20
12/10/2016,32,21,12,44,66,15
12/14/2016,39,18,66,37,26,15
12/17/2016,16,40,08,48,01,10
12/21/2016,25,68,40,54,33,03
12/24/2016,38,52,42,51,28,21
12/28/2016,30,23,44,58,16,04
12/31/2016,01,28,03,67,57,09
01/04/2017,17,16,42,41,29,04
01/07/2017,37,63,12,24,03,10
01/11/2017,01,16,13,43,03,24
01/14/2017,55,69,23,64,59,13
01/18/2017,41,09,58,40,53,12
01/21/2017,45,25,23,67,52,02
01/25/2017,18,62,66,68,28,22
01/28/2017,39,12,49,69,20,17
02/01/2017,09,60,64,43,57,10
02/04/2017,52,17,16,13,06,25
02/08/2017,49,20,42,14,66,05
02/11/2017,37,64,17,09,05,02
02/15/2017,33,05,42,38,28,19
02/18/2017,09,03,33,07,31,20
02/22/2017,52,10,61,28,13,02
02/25/2017,06,62,32,47,65,19
03/01/2017,16,10,52,40,55,17
03/04/2017,02,22,63,19,18,19
03/08/2017,42,23,59,46,33,04
03/11/2017,57,41,50,26,01,11
03/15/2017,30,16,41,48,53,16
03/18/2017,25,67,54,44,13,05
03/22/2017,02,29,09,27,42,09
03/25/2017,32,18,31,48,45,16
03/29/2017,08,62,31,36,15,11
04/01/2017,65,09,44,36,32,01
04/05/2017,53,20,54,46,08,13
04/08/2017,51,53,36,23,60,15
04/12/2017,68,63,14,08,61,24
04/15/2017,61,26,45,05,22,13
04/19/2017,01,19,52,40,37,15
04/22/2017,39,21,48,41,63,06
04/26/2017,18,01,51,15,26,26
04/29/2017,24,22,23,62,45,05
05/03/2017,18,49,66,17,59,09
05/06/2017,31,21,11,41,59,21
05/10/2017,62,31,56,46,29,08
05/13/2017,68,17,20,63,32,19
05/17/2017,39,04,48,45,11,09
05/20/2017,45,05,47,54,22,03
05/24/2017,38,28,33,32,62,15
05/27/2017,55,10,05,67,28,09
05/31/2017,60,39,33,04,46,06
06/03/2017,54,41,09,03,21,25
06/07/2017,66,57,05,69,21,13
06/10/2017,32,26,20,38,58,03
06/14/2017,63,22,05,43,57,24
06/17/2017,13,62,10,53,32,21
06/21/2017,65,14,46,68,61,13
06/24/2017,36,32,22,58,10,10
06/28/2017,46,37,29,53,68,08
07/01/2017,45,19,42,53,48,16
07/05/2017,54,09,68,04,16,21
07/08/2017,29,08,40,59,10,26
07/12/2017,18,23,02,61,01,09
07/15/2017,40,66,09,64,63,17
07/19/2017,63,51,59,61,50,04
07/22/2017,44,32,60,05,53,09
07/26/2017,19,42,21,07,69,12
07/29/2017,01,40,28,48,45,12
08/02/2017,16,01,54,63,69,18
08/05/2017,33,21,45,11,28,11
08/09/2017,12,30,47,62,36,09
08/12/2017,35,20,49,26,24,19
08/16/2017,64,43,60,09,15,04
08/19/2017,17,68,19,43,39,13
08/23/2017,07,26,16,23,06,04
08/26/2017,66,15,07,38,32,15
08/30/2017,43,19,69,28,67,07
09/02/2017,62,41,21,52,06,26
09/06/2017,32,14,08,58,67,17
09/09/2017,59,20,06,57,29,22
09/13/2017,24,63,35,57,17,19
09/16/2017,31,24,25,17,18,24
09/20/2017,68,48,67,39,53,26
09/23/2017,45,24,56,55,57,19
09/27/2017,21,25,10,23,08,22
09/30/2017,08,25,12,41,64,15
10/04/2017,23,63,62,66,22,24
10/07/2017,61,10,49,65,63,07
10/11/2017,01,69,19,03,13,23
10/14/2017,56,37,69,32,66,11
10/18/2017,69,54,49,30,66,08
10/21/2017,14,45,69,41,42,04
10/25/2017,57,54,29,22,18,08
10/28/2017,35,27,57,66,38,10
11/01/2017,26,03,19,06,44,01
11/04/2017,51,48,12,26,14,13
11/08/2017,12,21,14,34,20,22
11/11/2017,56,06,04,30,16,18
11/15/2017,48,32,44,50,23,25
11/18/2017,17,31,28,32,39,26
11/22/2017,61,51,37,46,35,13
11/25/2017,53,08,54,27,13,04
11/29/2017,59,28,26,24,63,16
12/02/2017,32,30,36,28,58,06
12/06/2017,50,19,55,62,20,09
12/09/2017,36,60,55,37,25,06
12/13/2017,02,28,51,58,24,07
12/16/2017,35,63,37,09,50,11
12/20/2017,20,61,64,01,69,20
12/23/2017,44,15,01,13,03,25
12/27/2017,16,60,03,56,09,03
12/30/2017,58,28,51,41,36,24
01/03/2018,42,39,18,02,37,12
01/06/2018,12,61,30,29,33,26
01/10/2018,07,24,50,49,33,04
01/13/2018,69,25,35,14,58,24
01/17/2018,33,51,03,37,57,21
01/20/2018,28,26,58,47,49,03
01/24/2018,11,09,05,33,64,21
01/27/2018,54,26,17,21,47,07
01/31/2018,07,04,14,59,46,22
02/03/2018,15,48,23,27,53,06
02/07/2018,40,35,34,47,23,10
02/10/2018,27,13,41,59,01,20
02/14/2018,44,46,37,39,69,26
02/17/2018,26,62,39,13,44,02
02/21/2018,07,36,31,15,34,08
02/24/2018,38,25,62,63,24,06
02/28/2018,69,12,65,59,30,16
03/03/2018,40,17,36,25,13,05
03/07/2018,36,06,19,13,51,18
03/10/2018,69,43,54,44,61,22
03/14/2018,12,24,06,41,68,09
03/17/2018,60,66,22,59,57,07
03/21/2018,29,04,61,03,18,25
03/24/2018,33,56,53,10,45,24
03/28/2018,53,08,52,06,26,21
03/31/2018,24,55,52,61,08,21
04/04/2018,42,64,54,08,24,24
04/07/2018,38,02,20,17,39,20
04/11/2018,67,18,16,55,27,18
04/14/2018,61,17,19,26,62,15
04/18/2018,12,17,10,09,23,09
04/21/2018,50,69,54,62,40,19
04/25/2018,18,17,39,64,56,12
04/28/2018,28,50,22,45,20,08
05/02/2018,40,05,31,50,14,06
05/05/2018,29,36,14,61,57,17
05/09/2018,50,69,16,38,11,19
05/12/2018,42,56,22,55,45,14
05/16/2018,17,22,21,19,51,19
05/19/2018,56,09,17,03,06,25
05/23/2018,20,54,61,56,64,07
05/26/2018,45,31,21,01,49,21
05/30/2018,46,23,26,17,68,20
06/02/2018,23,37,64,44,25,07
06/06/2018,53,28,41,23,56,14
06/09/2018,36,10,25,06,15,14
06/13/2018,13,38,45,20,55,01
06/16/2018,65,09,58,57,45,09
06/20/2018,14,56,27,04,23,13
06/23/2018,29,56,45,16,43,25
06/27/2018,63,28,62,07,37,15
06/30/2018,09,03,20,42,61,24
07/04/2018,07,41,15,04,44,10
07/07/2018,45,43,01,10,64,22
07/11/2018,21,19,47,27,46,07
07/14/2018,49,22,41,67,42,11
07/18/2018,28,36,10,01,27,12
07/21/2018,09,56,58,23,68,01
07/25/2018,64,44,18,02,41,26
07/28/2018,27,65,56,46,22,13
08/01/2018,05,38,22,58,32,26
08/04/2018,38,58,03,11,44,02
08/08/2018,21,63,30,43,10,17
08/11/2018,56,43,05,68,62,24
08/15/2018,28,15,12,47,48,16
08/18/2018,34,67,52,61,24,16
08/22/2018,45,01,47,69,07,13
08/25/2018,25,20,57,63,54,08
08/29/2018,53,25,41,67,57,12
09/01/2018,54,66,55,61,11,09
09/05/2018,59,60,06,50,15,13
09/08/2018,20,32,03,33,13,21
09/12/2018,28,48,63,06,64,24
09/15/2018,19,18,24,34,02,03
09/19/2018,50,04,51,48,39,11
09/22/2018,61,24,69,64,63,18
09/26/2018,07,01,30,50,02,08
09/29/2018,09,17,34,59,64,22
10/03/2018,63,66,53,59,41,03
10/06/2018,22,53,27,67,01,15
10/10/2018,27,60,42,23,08,07
10/13/2018,14,65,11,43,32,15
10/17/2018,03,64,69,68,57,15
10/20/2018,62,16,54,57,69,23
10/24/2018,56,53,45,21,03,22
10/27/2018,13,12,08,27,19,04
10/31/2018,40,39,47,07,25,20
11/03/2018,24,65,21,32,15,11
11/07/2018,50,28,34,42,26,25
11/10/2018,53,29,05,57,34,24
11/14/2018,49,62,42,07,69,23
11/17/2018,08,06,68,20,52,05
11/21/2018,14,23,38,07,55,18
11/24/2018,56,33,58,51,11,18
11/28/2018,04,68,59,69,19,21
12/01/2018,10,58,47,11,55,26
12/05/2018,36,38,09,11,37,11
12/08/2018,61,14,34,32,46,10
12/12/2018,09,64,29,21,04,26
12/15/2018,08,38,55,52,43,17
12/19/2018,43,31,29,37,15,16
12/22/2018,40,59,28,21,30,26
12/26/2018,52,38,25,67,05,24
12/29/2018,51,53,42,62,12,25
01/02/2019,56,46,42,12,08,12
01/05/2019,15,27,69,07,03,19
01/09/2019,19,59,37,06,49,22
01/12/2019,57,58,07,36,48,24
01/16/2019,14,61,29,31,56,01
01/19/2019,05,65,08,66,41,20
01/23/2019,50,25,48,23,47,24
01/26/2019,12,08,21,32,20,10
01/30/2019,16,02,12,29,54,06
02/02/2019,10,43,17,18,65,13
02/06/2019,13,28,05,63,38,21
02/09/2019,07,39,02,03,01,25
02/13/2019,02,24,08,69,14,26
02/16/2019,48,30,41,64,29,01
02/20/2019,50,52,49,51,27,02
02/23/2019,32,04,20,06,14,13
02/27/2019,49,31,59,42,21,23
03/02/2019,27,68,25,19,01,21
03/06/2019,21,35,10,06,46,23
03/09/2019,45,05,59,55,06,14
03/13/2019,69,36,45,47,18,14
03/16/2019,67,30,34,39,53,11
03/20/2019,10,53,50,63,14,21
03/23/2019,66,52,60,24,25,05
03/27/2019,44,62,20,37,16,12
03/30/2019,54,52,21,64,68,04
04/03/2019,25,16,32,49,19,18
04/06/2019,33,43,60,59,15,08
04/10/2019,39,12,21,23,67,06
04/13/2019,17,26,32,04,49,10
04/17/2019,15,46,66,17,01,15
04/20/2019,03,63,27,65,30,01
04/24/2019,35,65,32,36,06,04
04/27/2019,45,29,62,41,02,06
05/01/2019,66,28,23,56,05,17
05/04/2019,30,06,23,16,61,02
05/08/2019,66,64,45,53,01,03
05/11/2019,40,09,08,06,37,26
05/15/2019,33,68,61,17,07,04
05/18/2019,02,10,66,67,25,26
05/22/2019,07,44,57,10,20,03
05/25/2019,43,39,02,66,01,02
05/29/2019,61,03,42,32,34,07
06/01/2019,34,45,06,52,15,08
06/05/2019,38,17,28,34,23,08
06/08/2019,13,09,48,42,60,18
06/12/2019,42,57,35,38,05,13
06/15/2019,08,11,49,16,14,14
06/19/2019,26,38,21,04,18,01
06/22/2019,66,14,03,06,11,21
06/26/2019,54,22,16,01,05,24
06/29/2019,59,13,24,62,17,08
07/03/2019,50,45,43,40,61,25
07/06/2019,04,08,46,23,65,01
07/10/2019,07,68,09,26,44,03
07/13/2019,32,35,13,23,68,21
07/17/2019,19,47,68,60,43,10
07/20/2019,05,64,36,26,69,19
07/24/2019,29,53,56,35,22,13
07/27/2019,61,19,01,48,31,06
07/31/2019,14,37,67,47,55,06
08/03/2019,45,68,03,06,66,13
08/07/2019,47,08,59,32,53,03
08/10/2019,41,59,58,44,35,03
08/14/2019,51,69,30,10,13,10
08/17/2019,24,30,18,21,60,20
08/21/2019,22,32,21,12,29,21
08/24/2019,47,20,12,21,05,01
08/28/2019,32,09,41,56,37,14
08/31/2019,41,50,14,56,57,18
09/04/2019,52,30,08,04,59,02
09/07/2019,41,56,20,11,42,06
09/11/2019,53,24,57,06,17,03
09/14/2019,31,11,27,36,67,11
09/18/2019,14,19,47,51,39,15
09/21/2019,01,68,36,22,09,22
09/25/2019,44,43,37,45,53,25
09/28/2019,51,55,34,15,23,04
10/02/2019,43,53,08,10,04,07
10/05/2019,06,51,36,54,14,04
10/09/2019,05,43,65,18,33,02
10/12/2019,12,34,53,65,29,23
10/16/2019,67,01,25,05,63,03
10/19/2019,65,27,59,14,29,12
10/23/2019,61,50,12,05,69,23
10/26/2019,03,54,20,59,48,04
10/30/2019,56,67,52,19,22,21
11/02/2019,23,37,32,58,03,22
11/06/2019,64,46,28,62,15,17
11/09/2019,14,38,60,35,17,25
11/13/2019,23,28,66,27,26,11
11/16/2019,26,55,63,14,22,26
11/20/2019,40,15,39,57,07,12
11/23/2019,38,28,66,35,61,23
11/27/2019,26,55,37,53,15,21
11/30/2019,42,35,15,63,68,18
12/04/2019,08,44,61,51,27,14
12/07/2019,66,53,18,42,62,25
12/11/2019,24,42,29,44,63,10
12/14/2019,06,32,03,12,64,19
12/18/2019,39,26,68,18,14,09
12/21/2019,50,35,67,19,31,14
12/25/2019,04,16,02,30,46,20
12/28/2019,59,23,39,20,60,18
01/01/2020,49,53,57,59,62,26
01/04/2020,54,01,25,21,11,07
01/08/2020,07,43,56,04,02,22
01/11/2020,23,59,31,03,21,03
01/15/2020,39,55,53,41,68,19
01/18/2020,24,68,20,38,56,18
01/22/2020,33,59,44,67,11,08
01/25/2020,36,17,02,67,09,18
01/29/2020,12,60,09,15,31,02
02/01/2020,33,60,54,57,12,13
02/05/2020,57,41,35,30,23,02
02/08/2020,59,66,35,50,49,06
02/12/2020,55,68,47,54,14,25
02/15/2020,32,16,36,46,35,03
02/19/2020,15,10,12,56,19,19
02/22/2020,61,62,37,39,25,11
02/26/2020,27,29,36,47,08,24
02/29/2020,24,50,46,44,51,13
03/04/2020,68,60,18,43,58,14
03/07/2020,15,62,07,21,33,23
03/11/2020,29,50,67,04,49,02
03/14/2020,26,32,09,23,30,08
03/18/2020,27,15,59,44,63,08
03/21/2020,69,23,02,59,40,13
03/25/2020,42,09,05,27,39,16
03/28/2020,40,07,55,66,48,11
04/01/2020,60,45,48,33,35,16
04/04/2020,40,43,31,08,39,04
04/08/2020,48,54,39,02,37,05
04/11/2020,29,47,30,22,42,17
04/15/2020,10,33,41,12,36,02
04/18/2020,46,63,56,04,44,19
04/22/2020,01,40,69,33,35,24
04/25/2020,01,21,03,57,47,18
04/29/2020,49,61,67,02,20,20
05/02/2020,58,33,13,68,16,24
05/06/2020,65,08,07,50,35,20
05/09/2020,42,12,65,48,18,19
05/13/2020,57,54,53,56,39,20
05/16/2020,08,12,26,42,39,11
05/20/2020,42,40,50,18,34,09
05/23/2020,02,23,08,18,21,16
05/27/2020,58,38,59,64,68,21
05/30/2020,32,13,58,41,60,14
06/03/2020,64,26,01,03,41,17
06/06/2020,68,38,69,01,17,18
06/10/2020,33,10,41,54,52,18
06/13/2020,65,12,02,32,50,05
06/17/2020,10,07,68,64,63,10
06/20/2020,67,10,31,63,41,05
06/24/2020,15,22,46,27,33,23
06/27/2020,36,56,49,62,09,08
07/01/2020,53,28,15,52,63,18
07/04/2020,60,16,21,27,61,06
07/08/2020,36,10,03,34,62,05
07/11/2020,61,14,19,62,64,04
07/15/2020,61,69,47,27,62,04
07/18/2020,32,59,13,58,16,09
07/22/2020,16,36,25,44,55,14
07/25/2020,36,05,62,21,61,18
07/29/2020,07,40,29,35,45,26
08/01/2020,43,48,36,25,06,24
08/05/2020,65,07,14,57,17,24
08/08/2020,14,02,03,40,51,24
08/12/2020,18,06,36,02,37,21
08/15/2020,05,34,56,45,12,03
08/19/2020,13,47,55,23,58,23
08/22/2020,36,19,42,30,66,14
08/26/2020,08,19,47,58,12,02
08/29/2020,22,05,21,29,43,10
09/02/2020,11,20,04,69,01,18
09/05/2020,27,15,22,47,21,07
09/09/2020,55,27,64,52,60,21
09/12/2020,16,67,17,53,20,04
09/16/2020,31,10,17,51,53,01
09/19/2020,14,47,57,23,11,14
09/23/2020,08,17,52,59,49,01
09/26/2020,62,36,11,21,27,24
09/30/2020,67,49,18,14,36,18
10/03/2020,18,47,31,43,36,20
10/07/2020,06,56,53,30,24,19
10/10/2020,23,50,18,40,05,18
10/14/2020,37,52,58,53,21,05
10/17/2020,06,31,37,10,44,23
10/21/2020,44,13,01,03,56,26
10/24/2020,27,65,45,20,18,06
10/28/2020,37,40,11,28,53,13
10/31/2020,40,02,42,55,06,24
11/04/2020,49,33,45,23,32,14
11/07/2020,16,14,58,37,48,18
11/11/2020,63,13,45,17,15,13
11/14/2020,45,32,07,18,15,20
11/18/2020,17,04,43,05,52,05
11/21/2020,69,54,57,51,60,11
11/25/2020,57,02,65,58,60,26
11/28/2020,12,51,44,08,18,18
12/02/2020,40,28,31,41,46,04
12/05/2020,04,53,06,48,03,10
12/09/2020,47,31,14,48,11,04
12/12/2020,56,17,54,63,69,20
12/16/2020,37,04,67,23,61,07
12/19/2020,27,52,43,32,34,13
12/23/2020,06,38,53,39,13,06
12/26/2020,35,53,27,24,10,18
12/30/2020,45,65,43,61,03,14
01/02/2021,03,67,41,04,11,05
01/06/2021,01,66,20,22,60,03
01/09/2021,45,46,26,14,38,13
01/13/2021,49,04,23,25,19,14
01/16/2021,67,20,65,14,39,02
01/20/2021,53,60,40,68,69,22
01/23/2021,08,05,17,28,27,14
01/27/2021,35,52,17,42,33,09
01/30/2021,61,02,07,52,01,04
02/03/2021,64,66,40,05,37,05
02/06/2021,48,01,65,16,49,08
02/10/2021,67,63,58,15,39,07
02/13/2021,68,33,20,63,28,20
02/17/2021,15,46,21,01,32,01
02/20/2021,22,08,32,04,58,04
02/24/2021,65,33,04,53,43,21
02/27/2021,44,31,02,52,28,18
03/03/2021,55,44,21,50,40,16
03/06/2021,50,11,58,52,31,18
03/10/2021,44,17,53,18,37,18
03/13/2021,56,61,11,51,05,02
03/17/2021,62,61,38,34,42,19
03/20/2021,06,61,42,01,22,04
03/24/2021,38,27,04,17,09,18
03/27/2021,39,65,06,14,38,06
03/31/2021,03,55,10,44,68,24
04/03/2021,39,17,12,53,01,05
04/07/2021,27,66,35,39,51,16
04/10/2021,16,53,23,50,14,03
04/14/2021,13,45,33,30,61,14
04/17/2021,41,21,26,10,49,25
04/21/2021,25,32,21,67,63,06
04/24/2021,36,61,59,22,48,22
04/28/2021,16,35,53,18,39,21
05/01/2021,47,36,63,35,61,03
05/05/2021,63,28,16,40,23,01
05/08/2021,20,17,12,21,26,08
05/12/2021,20,19,01,38,54,17
05/15/2021,39,04,10,37,69,24
05/19/2021,11,69,13,56,55,04
05/22/2021,40,03,27,37,19,08
05/26/2021,21,62,34,08,02,16
05/29/2021,13,11,46,22,27,20
06/02/2021,67,07,06,11,66,19
06/05/2021,64,52,44,69,54,26
06/09/2021,54,46,28,50,19,09
06/12/2021,08,41,38,25,34,10
06/16/2021,19,34,50,44,29,25
06/19/2021,38,22,04,39,35,20
06/23/2021,20,40,63,13,51,01
06/26/2021,31,60,43,08,39,17
06/30/2021,50,66,24,65,29,14
07/03/2021,26,55,40,41,65,24
07/07/2021,08,49,57,30,21,08
07/10/2021,29,01,62,05,54,03
07/14/2021,52,62,33,59,46,10
07/17/2021,54,38,22,15,66,03
07/21/2021,27,44,67,28,68,11
07/24/2021,04,11,67,01,59,10
07/28/2021,53,25,60,59,30,05
07/31/2021,21,22,34,01,47,04
08/04/2021,36,05,21,58,32,14
08/07/2021,24,54,07,60,36,23
08/11/2021,18,12,29,20,30,16
08/14/2021,06,65,49,67,21,18
08/18/2021,36,61,55,51,35,26
08/21/2021,59,39,36,16,28,04
08/23/2021,47,17,61,36,60,15
08/25/2021,39,59,27,54,56,24
08/28/2021,12,59,46,26,22,26
08/30/2021,61,03,51,45,15,08
09/01/2021,10,20,29,48,51,17
09/04/2021,54,32,35,40,52,01
09/06/2021,33,11,54,22,20,24
09/08/2021,22,09,41,61,47,21
09/11/2021,40,38,31,20,49,21
09/13/2021,37,63,61,50,40,21
09/15/2021,46,04,62,01,18,25
09/18/2021,45,39,05,57,36,11
09/20/2021,58,51,37,54,60,19
09/22/2021,47,63,20,40,55,05
09/25/2021,37,23,62,22,63,19
09/27/2021,44,21,22,39,60,12
09/29/2021,32,17,02,07,11,11
10/02/2021,42,38,47,52,28,01
10/04/2021,66,12,22,54,69,15
10/06/2021,17,64,52,01,58,01
10/09/2021,62,12,30,17,45,05
10/11/2021,20,11,33,39,65,24
10/13/2021,47,23,59,29,60,15
10/16/2021,30,48,31,41,42,03
10/18/2021,53,30,63,48,32,12
10/20/2021,07,41,29,43,36,05
10/23/2021,30,10,57,63,51,20
10/25/2021,29,58,44,10,27,24
10/27/2021,03,26,51,35,06,17
10/30/2021,56,23,28,05,43,19
11/01/2021,44,09,25,34,45,08
11/03/2021,50,01,57,24,02,26
11/06/2021,64,08,48,30,57,09
11/08/2021,47,46,62,57,21,08
11/10/2021,46,25,43,48,19,14
11/13/2021,45,15,35,26,08,09
11/15/2021,53,31,51,34,05,23
11/17/2021,48,03,60,16,52,01
11/20/2021,48,59,40,69,43,19
11/22/2021,07,67,20,29,38,22
11/24/2021,65,16,63,10,32,17
11/27/2021,32,55,66,64,08,10
11/29/2021,28,26,18,38,47,17
12/01/2021,12,57,38,15,63,24
12/04/2021,56,45,10,40,67,02
12/06/2021,03,21,59,50,38,06
12/08/2021,33,50,07,03,69,24
12/11/2021,25,53,44,03,64,10
12/13/2021,10,37,59,53,30,04
12/15/2021,19,20,59,40,42,15
12/18/2021,61,24,51,06,02,01
12/20/2021,13,66,02,23,34,02
12/22/2021,16,68,48,07,19,15
12/25/2021,29,45,58,55,27,02
12/27/2021,62,45,36,64,38,19
12/29/2021,39,06,09,33,02,11
01/01/2022,39,48,12,50,06,07
01/03/2022,02,33,13,32,48,22
01/05/2022,25,06,14,33,46,17
01/08/2022,21,20,65,36,60,13
01/10/2022,17,21,14,27,18,09
01/12/2022,21,22,30,12,33,24
01/15/2022,03,59,37,51,18,13
01/17/2022,46,65,24,35,09,22
01/19/2022,11,43,61,15,55,10
01/22/2022,67,14,08,33,36,17
01/24/2022,11,53,47,30,29,16
01/26/2022,69,38,49,04,11,16
01/29/2022,54,02,15,65,38,11
01/31/2022,61,10,69,51,15,14
02/02/2022,33,62,18,63,29,15
02/05/2022,39,61,27,16,05,24
02/07/2022,65,05,15,38,47,10
02/09/2022,63,17,51,02,33,26
02/12/2022,10,08,41,21,62,07
02/14/2022,49,55,16,27,25,17
02/16/2022,40,22,48,30,42,16
02/19/2022,10,03,15,42,33,11
02/21/2022,37,45,36,69,02,03
02/23/2022,64,35,17,06,21,18
02/26/2022,48,32,36,64,15,19
02/28/2022,21,07,39,47,55,19
03/02/2022,63,61,48,19,37,12
03/05/2022,37,23,52,63,08,13
03/07/2022,59,67,10,55,43,02
03/09/2022,34,13,22,67,51,10
03/12/2022,19,39,37,61,20,08
03/14/2022,21,28,32,49,44,06
03/16/2022,58,35,28,34,03,17
03/19/2022,09,52,18,08,48,06
03/21/2022,26,15,65,63,01,16
03/23/2022,37,38,31,32,48,24
03/26/2022,02,50,10,59,61,06
03/28/2022,62,11,18,58,39,03
03/30/2022,37,03,31,21,07,11
04/02/2022,58,59,47,28,06,18
04/04/2022,02,39,69,32,46,06
04/06/2022,06,45,47,42,64,18
04/09/2022,62,31,66,06,16,18
04/11/2022,05,34,24,31,07,04
04/13/2022,63,68,41,16,14,26
04/16/2022,62,32,15,65,21,26
04/18/2022,08,33,59,55,62,18
04/20/2022,55,30,56,20,45,14
04/23/2022,49,10,56,39,47,08
04/25/2022,18,61,12,39,20,10
04/27/2022,62,68,61,11,36,04
04/30/2022,21,37,44,63,14,01
05/02/2022,18,39,44,33,27,08
05/04/2022,55,63,69,39,37,23
05/07/2022,05,28,06,67,04,10
05/09/2022,18,56,30,35,52,05
05/11/2022,61,05,07,69,63,18
05/14/2022,06,52,40,45,41,09
05/16/2022,07,22,15,36,64,13
05/18/2022,64,41,40,58,65,17
05/21/2022,15,52,25,58,14,11
05/23/2022,42,37,33,01,39,26
05/25/2022,42,19,28,39,57,17
05/28/2022,66,50,61,39,02,15
05/30/2022,51,69,28,68,27,22
06/01/2022,41,56,63,11,57,02
06/04/2022,60,52,14,16,36,16
06/06/2022,10,02,44,35,46,04
06/08/2022,39,43,62,22,64,07
06/11/2022,26,53,69,20,18,05
06/13/2022,02,44,42,51,27,25
06/15/2022,28,19,42,41,51,07
06/18/2022,40,45,10,19,58,25
06/20/2022,03,44,69,61,63,13
06/22/2022,10,56,06,31,48,12
06/25/2022,12,20,32,27,06,04
06/27/2022,13,30,37,18,11,16
06/29/2022,63,40,08,49,58,14
07/02/2022,59,10,09,37,62,26
07/04/2022,16,15,56,31,24,04
07/06/2022,36,32,69,49,62,13
07/09/2022,42,22,52,46,14,24
07/11/2022,52,37,34,04,26,09
07/13/2022,22,23,47,63,36,02
07/16/2022,23,57,32,18,03,21
07/18/2022,36,14,50,58,34,05
07/20/2022,20,10,65,23,49,22
07/23/2022,59,39,41,54,62,12
07/25/2022,25,37,38,39,65,05
07/27/2022,25,55,01,44,57,26
07/30/2022,17,04,58,68,57,12
08/01/2022,31,65,36,15,21,16
08/03/2022,09,66,21,57,56,11
08/06/2022,15,08,46,56,68,03
08/08/2022,58,45,51,57,32,12
08/10/2022,68,59,61,44,29,19
08/13/2022,43,35,24,62,19,02
08/15/2022,20,50,47,63,24,05
08/17/2022,41,23,55,50,28,24
08/20/2022,16,11,09,66,05,07
08/22/2022,12,55,67,27,34,09
08/24/2022,37,35,06,24,44,22
08/27/2022,02,65,60,18,56,14
08/29/2022,69,61,43,13,36,18
08/31/2022,24,19,07,08,28,01
09/03/2022,18,27,65,49,69,09
09/05/2022,04,07,55,32,64,25
09/07/2022,03,33,16,30,36,20
09/10/2022,56,68,38,42,69,04
09/12/2022,66,14,34,06,16,25
09/14/2022,20,10,22,52,09,25
09/17/2022,05,25,36,61,51,01
09/19/2022,07,15,67,46,36,07
09/21/2022,33,34,06,54,45,07
09/24/2022,03,21,29,24,09,14
09/26/2022,31,33,13,20,59,20
09/28/2022,10,67,33,24,06,11
10/01/2022,69,22,21,65,08,26
10/03/2022,55,63,02,16,22,22
10/05/2022,26,37,33,62,30,06
10/08/2022,53,60,68,43,13,05
10/10/2022,17,03,22,11,06,11
10/12/2022,59,30,42,14,41,06
10/15/2022,32,62,40,58,37,15
10/17/2022,46,30,36,19,60,25
10/19/2022,27,42,15,08,06,10
10/22/2022,55,25,60,19,48,18
10/24/2022,23,45,54,35,18,16
10/26/2022,46,37,19,56,36,24
10/29/2022,40,19,57,31,46,23
10/31/2022,19,13,39,59,36,13
11/02/2022,22,11,60,02,35,23
11/05/2022,69,53,45,56,28,20
11/07/2022,56,41,33,47,10,10
11/09/2022,14,24,07,30,56,07
11/12/2022,58,57,20,44,16,06
11/14/2022,54,67,19,53,35,21
11/16/2022,53,56,28,34,51,11
11/19/2022,62,63,28,07,64,10
11/21/2022,01,67,51,40,06,02
11/23/2022,31,02,01,39,66,25
11/26/2022,15,30,47,50,51,03
11/28/2022,48,30,50,32,29,20
11/30/2022,04,24,47,66,19,10
12/03/2022,13,36,37,06,33,07
12/05/2022,35,54,55,45,47,14
12/07/2022,61,59,28,06,44,21
12/10/2022,23,09,68,49,47,19
12/12/2022,55,16,50,31,61,09
12/14/2022,36,51,68,66,59,25
12/17/2022,56,33,66,68,64,12
12/19/2022,55,37,65,07,67,12
12/21/2022,34,15,59,24,12,14
12/24/2022,37,17,67,54,46,08
12/26/2022,60,41,47,17,61,17
12/28/2022,32,38,45,26,56,01
12/31/2022,18,37,44,64,50,11
01/02/2023,09,62,12,07,31,22
01/04/2023,68,12,56,32,67,26
01/07/2023,45,36,67,35,44,14
01/09/2023,18,43,48,60,69,14
01/11/2023,04,47,48,08,46,05
01/14/2023,24,26,57,39,47,23
01/16/2023,14,33,04,61,39,03
01/18/2023,15,47,22,06,42,26
01/21/2023,14,05,64,19,46,22
01/23/2023,47,60,31,58,12,23
01/25/2023,17,38,20,09,40,18
01/28/2023,23,27,47,18,02,15
01/30/2023,49,01,36,04,12,05
02/01/2023,58,59,43,31,66,09
02/04/2023,58,02,15,19,08,10
02/06/2023,22,11,23,05,69,07
02/08/2023,64,59,66,58,52,09
02/11/2023,65,30,10,23,54,11
02/13/2023,26,37,17,65,61,02
02/15/2023,60,31,63,54,32,12
02/18/2023,31,08,37,32,21,23
02/20/2023,17,03,54,38,26,15
02/22/2023,11,39,65,44,19,07
02/25/2023,24,66,58,11,67,26
02/27/2023,55,49,16,28,51,23
03/01/2023,02,28,09,36,53,04
03/04/2023,10,40,16,18,66,16
03/06/2023,69,58,13,29,02,04
03/08/2023,43,69,26,27,61,04
03/11/2023,33,58,11,43,20,24
03/13/2023,03,46,24,10,63,04
03/15/2023,18,33,37,50,16,08
03/18/2023,69,20,14,30,54,11
03/20/2023,32,67,47,01,27,14
03/22/2023,37,27,28,50,57,05
03/25/2023,15,57,18,47,17,19
03/27/2023,36,19,26,58,43,14
03/29/2023,66,09,24,46,04,07
04/01/2023,19,29,21,11,52,17
04/03/2023,16,31,68,30,54,01
04/05/2023,52,42,09,03,05,11
04/08/2023,51,11,22,60,24,18
04/10/2023,46,52,09,10,36,14
04/12/2023,41,36,59,09,44,04
04/15/2023,56,01,33,34,59,18
04/17/2023,64,35,63,23,25,25
04/19/2023,21,04,11,64,38,11
04/22/2023,63,68,17,36,47,25
04/24/2023,19,55,68,66,21,03
04/26/2023,15,49,02,30,35,06
04/29/2023,16,53,65,57,54,08
05/01/2023,61,38,66,55,03,01
05/03/2023,26,21,47,30,45,23
05/06/2023,39,51,53,31,47,06
05/08/2023,15,33,43,36,20,12
05/10/2023,24,55,69,21,33,03
05/13/2023,03,46,20,23,15,11
05/15/2023,58,01,26,55,28,25
05/17/2023,51,18,37,45,34,14
05/20/2023,23,63,32,38,17,23
05/22/2023,38,52,48,09,68,25
05/24/2023,58,44,21,50,12,26
05/27/2023,48,39,56,38,24,04
05/29/2023,64,35,21,62,33,24
05/31/2023,62,54,04,02,61,14
06/03/2023,15,67,64,45,68,18
06/05/2023,02,31,45,46,49,20
06/07/2023,16,21,29,53,66,02
06/10/2023,21,32,42,46,50,04
06/12/2023,02,03,16,23,68,07
06/14/2023,03,20,36,42,64,04
06/17/2023,02,12,45,61,64,26
06/19/2023,36,39,52,57,69,01
06/21/2023,05,11,33,35,63,14
06/24/2023,02,38,44,50,62,19
06/26/2023,06,28,39,43,54,12
06/28/2023,19,25,34,57,68,04
07/01/2023,04,17,35,49,61,08
07/03/2023,15,26,31,38,61,03
07/05/2023,17,24,48,62,68,23
07/08/2023,07,23,24,32,43,18
07/10/2023,02,24,34,53,58,13
07/12/2023,23,35,45,66,67,20
07/15/2023,02,09,43,55,57,18
07/17/2023,05,08,09,17,41,21
07/19/2023,07,10,11,13,24,24
07/22/2023,25,27,36,37,63,07
07/24/2023,03,04,12,28,49,25
07/26/2023,03,16,40,48,60,14
07/29/2023,10,25,27,34,38,02
07/31/2023,02,11,48,58,65,13
08/02/2023,23,24,33,51,64,05
08/05/2023,18,42,44,62,65,23
08/07/2023,06,13,20,35,54,22
08/09/2023,10,15,21,67,69,03
08/12/2023,19,21,37,50,65,26
08/14/2023,32,34,37,39,47,03
08/16/2023,09,11,17,19,55,01
08/19/2023,01,25,27,38,62,13
08/21/2023,03,04,12,22,28,16
08/23/2023,25,30,32,33,55,20
08/26/2023,20,22,26,28,63,05
08/28/2023,04,06,25,55,68,26
08/30/2023,04,13,35,61,69,04
09/02/2023,25,38,42,66,67,19
09/04/2023,01,26,32,46,51,13
09/06/2023,09,14,20,23,63,01
09/09/2023,11,19,29,63,68,25
09/11/2023,09,25,27,53,66,05
09/13/2023,22,30,37,44,45,18
09/16/2023,08,11,19,24,46,05
09/18/2023,02,21,26,40,42,09
09/20/2023,16,27,59,62,63,23
09/23/2023,01,12,20,33,66,21
09/25/2023,10,12,22,36,50,04
09/27/2023,01,07,46,47,63,07
09/30/2023,19,30,37,44,46,22
10/02/2023,12,26,27,43,47,05
10/04/2023,09,35,54,63,64,01
10/07/2023,47,54,57,60,65,19
10/09/2023,16,34,46,55,67,14
10/11/2023,22,24,40,52,64,10
10/14/2023,14,16,42,48,64,14
10/16/2023,02,27,31,44,64,18
10/18/2023,01,04,13,35,58,24
10/21/2023,06,15,24,67,68,11
10/23/2023,18,21,25,46,64,21
10/25/2023,25,27,41,53,68,02
10/28/2023,14,24,50,59,64,02
10/30/2023,19,22,34,66,69,05
11/01/2023,22,26,39,47,63,12
11/04/2023,01,28,30,34,52,06
11/06/2023,12,25,40,59,61,26
11/08/2023,14,21,33,39,62,20
11/11/2023,01,12,14,24,57,07
11/13/2023,24,33,35,37,42,21
11/15/2023,03,04,51,53,60,06
11/18/2023,34,50,51,61,67,20
11/20/2023,19,26,30,39,63,13
11/22/2023,20,24,33,39,42,21
11/25/2023,27,33,63,66,68,09
11/27/2023,02,21,38,61,66,12
11/29/2023,06,47,50,61,68,04
12/02/2023,28,35,41,47,60,03
12/04/2023,18,19,27,28,45,09
12/06/2023,02,12,37,56,65,21
12/09/2023,05,25,26,40,60,01
12/11/2023,01,24,27,31,62,20
12/13/2023,03,08,41,56,64,18
12/16/2023,03,09,10,20,62,25
12/18/2023,05,08,19,34,39,26
12/20/2023,27,35,41,56,60,16
12/23/2023,09,14,17,18,53,06
12/25/2023,05,12,20,24,29,04
12/27/2023,04,11,38,51,68,05
12/30/2023,10,11,26,27,34,07
01/01/2024,12,21,42,44,49,01
01/03/2024,30,31,38,48,68,08
01/06/2024,04,31,34,38,61,13
01/08/2024,07,17,28,40,45,02
01/10/2024,25,40,43,48,50,11
01/13/2024,13,31,33,51,58,15
01/15/2024,13,30,35,49,59,04
01/17/2024,18,22,43,61,65,02
01/20/2024,16,31,34,47,65,10
01/22/2024,24,25,43,52,63,21
01/24/2024,01,05,32,50,64,08
01/27/2024,07,38,65,66,68,21
01/29/2024,39,41,43,49,64,04
01/31/2024,15,18,19,41,43,14
02/03/2024,09,11,27,59,66,19
02/05/2024,01,02,27,30,67,09
02/07/2024,12,21,62,67,69,17
02/10/2024,27,28,34,37,44,08
02/12/2024,17,36,43,53,67,14
02/14/2024,01,04,45,47,67,18
02/17/2024,06,28,59,62,69,21
02/19/2024,04,23,45,50,53,17
02/21/2024,04,27,33,41,42,14
02/24/2024,03,08,40,53,58,03
02/26/2024,24,29,42,51,54,16
02/28/2024,16,26,29,38,50,06
03/02/2024,03,18,27,36,53,12
03/04/2024,36,42,50,52,67,26
03/06/2024,06,19,28,44,60,10
03/09/2024,30,36,49,52,63,16
03/11/2024,01,03,07,16,66,05
03/13/2024,21,29,54,59,62,04
03/16/2024,12,23,44,57,61,05
03/18/2024,10,17,20,39,44,16
03/20/2024,13,22,27,54,66,09
03/23/2024,06,23,25,34,51,03
03/25/2024,07,11,19,53,68,23
03/27/2024,37,46,57,60,66,08
03/30/2024,12,13,33,50,52,23
04/01/2024,19,24,40,42,56,23
04/03/2024,11,38,41,62,65,15
04/06/2024,22,27,44,52,69,09
04/08/2024,06,21,23,39,54,23
04/10/2024,06,07,12,24,36,15
04/13/2024,07,33,40,43,69,10
04/15/2024,07,16,41,56,61,23
04/17/2024,24,29,44,47,54,02
04/20/2024,04,35,41,44,58,25
04/22/2024,12,16,33,39,52,01
04/24/2024,02,20,22,26,47,21
04/27/2024,09,30,53,55,62,23
04/29/2024,11,38,47,67,69,14
05/01/2024,01,11,19,21,68,15
05/04/2024,14,20,23,53,69,04
05/06/2024,07,23,24,56,60,25
05/08/2024,07,41,43,44,51,05
05/11/2024,03,06,39,49,67,21
05/13/2024,05,14,29,38,66,01
05/15/2024,19,42,45,55,69,06
05/18/2024,19,36,37,42,59,19
05/20/2024,01,07,48,64,68,05
05/22/2024,05,16,18,26,67,04
05/25/2024,06,33,35,36,64,24
05/27/2024,09,30,39,49,59,21
05/29/2024,17,34,56,60,61,09
06/01/2024,28,38,52,54,68,08
06/03/2024,19,29,35,36,45,16
06/05/2024,08,44,45,51,69,12
06/08/2024,08,38,52,54,64,15
06/10/2024,03,10,33,58,59,09
06/12/2024,19,30,31,61,62,21
06/15/2024,04,36,48,54,56,02
06/17/2024,30,48,53,58,66,09
06/19/2024,04,27,44,50,64,07
06/22/2024,04,05,15,32,62,21
06/24/2024,05,06,36,53,69,08
06/26/2024,04,09,36,47,56,07
06/29/2024,26,51,54,61,69,25
07/01/2024,05,09,32,39,55,09
07/03/2024,02,26,33,55,57,22
07/06/2024,05,32,35,39,49,21
07/08/2024,20,22,31,33,45,01
07/10/2024,07,11,12,27,46,26
07/13/2024,09,55,59,66,69,21
07/15/2024,09,31,39,40,45,23
07/17/2024,24,27,32,47,66,26
07/20/2024,18,25,31,40,57,04
07/22/2024,31,36,56,58,69,20
07/24/2024,16,42,59,63,68,13
07/27/2024,03,31,37,40,64,17
07/29/2024,11,27,30,33,44,16
07/31/2024,23,34,37,50,58,07
08/03/2024,13,33,40,60,61,20
08/05/2024,29,42,44,51,54,12
08/07/2024,06,19,35,47,57,09
08/10/2024,09,24,33,64,69,09
08/12/2024,09,22,57,67,68,14
08/14/2024,08,09,23,29,62,13
08/17/2024,12,31,43,45,46,22
08/19/2024,01,02,15,23,28,10
08/21/2024,27,31,33,38,67,03
08/24/2024,05,15,21,24,43,17
08/26/2024,02,04,23,68,69,15
08/28/2024,05,33,47,50,64,20
08/31/2024,04,34,35,38,69,19
09/02/2024,08,42,46,48,53,22
09/04/2024,07,10,21,33,59,20
09/07/2024,14,34,37,55,63,20
09/09/2024,01,16,21,47,60,05
09/11/2024,10,12,55,65,67,03
09/14/2024,29,34,38,48,56,16
09/16/2024,08,09,11,27,31,17
09/18/2024,01,11,22,47,68,07
09/21/2024,17,19,21,37,45,14
09/23/2024,15,21,25,37,45,19
09/25/2024,02,26,45,46,52,21
09/28/2024,03,11,13,24,39,22
09/30/2024,09,11,30,43,69,20
10/02/2024,01,02,21,37,43,21
10/05/2024,02,12,46,52,65,03
10/07/2024,18,30,31,52,63,22
10/09/2024,25,32,43,53,66,10
10/12/2024,05,14,20,41,57,06
10/14/2024,14,18,33,64,67,14
10/16/2024,04,30,39,44,60,11
10/19/2024,07,16,19,45,64,25
10/21/2024,01,25,57,62,64,15
10/23/2024,02,15,27,29,39,20
10/26/2024,08,12,40,45,51,15
10/28/2024,21,27,32,48,67,17
10/30/2024,13,22,29,43,58,22
11/02/2024,10,45,48,58,61,02
11/04/2024,06,18,33,48,53,21
11/06/2024,12,17,37,58,62,04
11/09/2024,11,24,50,56,66,16
11/11/2024,03,21,24,34,46,09
11/13/2024,09,20,26,43,58,09
11/16/2024,21,22,25,32,38,16
11/18/2024,27,31,41,52,69,26
11/20/2024,16,30,60,62,64,25
11/23/2024,12,13,34,44,67,08
11/25/2024,05,35,45,60,63,12
11/27/2024,01,06,07,13,40,05
11/30/2024,04,24,29,39,63,25
12/02/2024,03,09,26,61,67,13
12/04/2024,01,23,25,28,61,13
12/07/2024,01,31,43,55,57,22
12/09/2024,35,37,40,45,51,24
12/11/2024,13,44,50,52,54,20
12/14/2024,12,17,23,52,67,01
12/16/2024,09,30,33,57,61,17
12/18/2024,06,15,18,33,49,07
12/21/2024,01,12,17,21,58,01
12/23/2024,22,42,44,57,64,18
12/25/2024,15,26,27,30,35,03
12/28/2024,06,31,51,54,55,12
12/30/2024,09,19,33,38,39,01
01/01/2025,06,12,28,35,66,26
01/04/2025,26,32,43,54,56,24
01/06/2025,17,34,46,66,67,14
01/08/2025,01,20,36,38,43,24
01/11/2025,03,06,32,37,65,04
01/13/2025,04,06,16,39,66,09
01/15/2025,08,41,52,53,58,07
01/18/2025,14,31,35,64,69,23
01/20/2025,15,16,32,47,54,06
01/22/2025,05,06,27,40,49,05
01/25/2025,08,15,17,53,66,14
01/27/2025,02,40,47,53,55,20
01/29/2025,08,12,31,33,38,18
02/01/2025,23,29,32,49,61,08
02/03/2025,12,37,47,54,60,17
02/05/2025,19,27,30,50,62,14
02/08/2025,23,44,57,60,62,09
02/10/2025,02,17,18,29,43,03
02/12/2025,21,32,36,45,49,18
02/15/2025,03,16,45,54,56,12
02/17/2025,04,44,47,52,57,09
02/19/2025,06,21,28,49,60,20
02/22/2025,07,18,22,50,65,15
02/24/2025,10,11,34,59,68,14
02/26/2025,28,48,55,60,62,20
03/01/2025,02,23,36,44,49,25
03/03/2025,18,20,50,52,56,20
03/05/2025,24,28,40,63,65,20
03/08/2025,02,04,16,23,63,13
03/10/2025,17,40,47,50,55,06
03/12/2025,11,13,28,51,58,01
03/15/2025,12,28,33,36,54,05
03/17/2025,11,18,23,38,60,09
03/19/2025,08,11,21,49,59,15
03/22/2025,06,07,25,46,57,12
03/24/2025,06,23,35,36,47,12
03/26/2025,05,20,29,39,53,06
03/29/2025,07,11,21,53,61,02
03/31/2025,12,41,44,52,64,25
04/02/2025,05,17,41,64,69,01
04/05/2025,04,23,30,46,62,02
04/07/2025,20,23,48,59,66,04
04/09/2025,04,29,37,55,67,10
04/12/2025,16,22,44,45,53,19
04/14/2025,03,20,30,52,62,01
04/16/2025,20,24,42,43,49,19
04/19/2025,07,25,37,39,63,01
04/21/2025,04,33,45,46,51,25
04/23/2025,15,44,63,66,69,20
04/26/2025,01,12,14,18,69,02
04/28/2025,26,43,51,56,60,24
04/30/2025,01,02,03,57,59,09
05/03/2025,10,21,23,35,65,24
05/05/2025,16,34,40,45,66,19
05/07/2025,14,15,30,40,59,20
05/10/2025,05,20,28,39,42,13
05/12/2025,15,16,41,48,60,21
05/14/2025,04,10,24,29,53,04
05/17/2025,07,34,40,42,52,15
05/19/2025,13,14,37,50,60,11
05/21/2025,09,29,31,34,43,02
05/24/2025,12,18,28,48,52,05
05/26/2025,13,47,52,64,67,25
05/28/2025,23,27,32,35,59,11
05/31/2025,01,29,37,56,68,13
06/02/2025,01,07,44,57,61,21
06/04/2025,05,17,23,35,45,24
06/07/2025,31,36,43,48,62,25
06/09/2025,30,33,40,43,52,25
06/11/2025,13,25,29,37,53,03
06/14/2025,04,06,09,23,59,25
06/16/2025,17,21,23,27,52,19
06/18/2025,23,29,50,64,67,11
06/21/2025,03,16,32,52,62,24
06/23/2025,05,25,42,44,65,20
06/25/2025,02,12,37,51,61,22
06/28/2025,04,35,43,52,62,12
06/30/2025,13,28,44,52,55,06
07/02/2025,07,19,21,54,63,21
07/05/2025,01,28,34,50,58,08