Date,Ball1,Ball2,Ball3,Ball4,Ball5,Ball6
11/1/1997,37,28,33,22,25,20
11/5/1997,2,19,35,24,28,26
11/8/1997,40,17,21,7,49,37
11/12/1997,41,14,13,29,16,1
11/15/1997,32,7,45,21,26,8
11/19/1997,19,10,48,3,21,22
11/22/1997,22,31,3,7,14,2
11/26/1997,15,46,34,23,40,35
11/29/1997,11,27,13,2,31,23
12/3/1997,18,9,14,47,42,32
12/6/1997,15,26,28,8,43,36
12/10/1997,18,21,28,41,4,3
12/13/1997,44,41,46,35,5,27
12/17/1997,3,5,45,18,13,20
12/20/1997,23,11,12,17,10,7
12/24/1997,28,16,35,34,3,14
12/27/1997,14,48,15,36,9,17
12/31/1997,27,14,6,4,5,6
1/3/1998,4,9,27,7,32,6
1/7/1998,18,4,30,37,3,23
1/10/1998,17,9,7,44,20,25
1/14/1998,16,9,6,28,38,13
1/17/1998,28,9,49,38,29,6
1/21/1998,31,32,23,1,26,33
1/24/1998,7,23,15,28,36,10
1/28/1998,23,48,36,15,31,12
1/31/1998,13,36,48,7,11,18
2/4/1998,30,25,12,8,21,20
2/7/1998,40,12,15,5,27,14
2/11/1998,37,34,33,25,35,35
2/14/1998,41,23,5,39,7,6
2/18/1998,1,33,28,29,21,15
2/21/1998,22,47,29,39,9,25
2/25/1998,30,43,2,20,46,19
2/28/1998,49,26,4,45,41,6
3/4/1998,39,30,19,3,33,9
3/7/1998,32,36,42,30,21,33
3/11/1998,2,17,36,24,5,20
3/14/1998,15,47,35,34,42,15
3/18/1998,4,41,39,2,33,26
3/21/1998,38,34,4,35,47,16
3/25/1998,42,44,35,23,5,29
3/28/1998,27,44,33,38,30,15
4/1/1998,47,33,11,34,12,39
4/4/1998,8,3,23,46,43,13
4/8/1998,3,24,30,49,10,35
4/11/1998,49,48,5,36,15,11
4/15/1998,41,25,8,24,39,21
4/18/1998,22,24,45,19,30,21
4/22/1998,13,4,49,29,31,4
4/25/1998,35,5,38,7,20,19
4/29/1998,25,46,8,47,30,31
5/2/1998,49,3,37,19,14,4
5/6/1998,20,47,45,44,11,5
5/9/1998,8,49,34,29,26,28
5/13/1998,2,36,13,30,18,26
5/16/1998,22,1,41,28,23,18
5/20/1998,9,30,48,34,4,8
5/23/1998,15,16,35,46,1,35
5/27/1998,46,27,15,33,2,27
5/30/1998,3,45,29,24,14,24
6/3/1998,31,22,25,41,35,38
6/6/1998,24,42,26,16,28,24
6/10/1998,12,36,38,19,4,6
6/13/1998,21,23,6,8,3,11
6/17/1998,36,35,7,37,14,10
6/20/1998,49,27,26,31,9,4
6/24/1998,27,18,16,30,13,23
6/27/1998,7,10,31,30,36,37
7/1/1998,3,17,29,35,47,34
7/4/1998,39,25,38,15,30,42
7/8/1998,19,5,16,34,29,24
7/11/1998,10,12,1,6,38,17
7/15/1998,16,21,36,23,11,37
7/18/1998,10,40,14,8,33,31
7/22/1998,30,49,1,23,22,33
7/25/1998,23,14,3,21,17,16
7/29/1998,39,8,43,45,49,13
8/1/1998,4,25,20,44,1,5
8/5/1998,42,35,19,12,3,21
8/8/1998,45,42,5,9,33,28
8/12/1998,10,42,33,2,45,2
8/15/1998,37,12,49,27,30,20
8/19/1998,8,23,43,15,46,29
8/22/1998,21,22,11,7,49,19
8/26/1998,6,32,46,23,42,8
8/29/1998,13,18,14,29,31,23
9/2/1998,28,29,44,40,21,8
9/5/1998,26,49,10,16,8,40
9/9/1998,42,46,12,4,19,9
9/12/1998,19,28,33,16,35,16
9/16/1998,40,35,6,24,42,2
9/19/1998,41,35,19,37,1,11
9/23/1998,1,21,42,22,5,18
9/26/1998,25,24,5,3,2,8
9/30/1998,2,8,3,12,36,24
10/3/1998,5,25,32,14,22,4
10/7/1998,15,8,26,9,6,7
10/10/1998,1,19,8,28,45,25
10/14/1998,26,14,18,32,15,6
10/17/1998,44,48,47,32,28,27
10/21/1998,24,27,22,44,39,25
10/24/1998,12,25,17,10,40,20
10/28/1998,44,24,35,9,8,42
10/31/1998,17,42,33,37,34,8
11/4/1998,17,2,36,8,30,22
11/7/1998,5,33,10,13,30,28
11/11/1998,48,36,14,25,10,2
11/14/1998,41,35,10,16,3,38
11/18/1998,21,25,33,39,46,18
11/21/1998,15,14,21,1,35,10
11/25/1998,6,33,48,13,10,9
11/28/1998,11,4,43,6,2,9
12/2/1998,45,29,36,4,22,30
12/5/1998,31,19,9,27,20,39
12/9/1998,40,12,43,48,33,16
12/12/1998,29,40,16,12,26,32
12/16/1998,3,32,19,27,8,38
12/19/1998,5,15,45,17,3,6
12/23/1998,45,29,31,39,46,33
12/26/1998,17,27,29,7,41,33
12/30/1998,38,34,46,20,10,3
1/2/1999,23,26,39,4,17,27
1/6/1999,16,44,2,9,13,36
1/9/1999,27,5,10,11,32,13
1/13/1999,31,15,33,47,43,6
1/16/1999,2,40,28,15,20,15
1/20/1999,12,2,40,19,48,27
1/23/1999,3,49,30,19,26,31
1/27/1999,20,23,4,44,2,22
1/30/1999,19,40,25,24,45,5
2/3/1999,39,42,26,20,30,32
2/6/1999,25,48,39,15,32,32
2/10/1999,31,42,10,27,20,26
2/13/1999,18,4,35,27,9,11
2/17/1999,36,25,21,22,10,39
2/20/1999,16,39,24,6,15,12
2/24/1999,46,15,40,29,8,23
2/27/1999,30,13,46,20,32,36
3/3/1999,1,44,42,12,8,13
3/6/1999,25,42,19,13,20,13
3/10/1999,34,26,49,14,1,15
3/13/1999,11,49,8,42,44,39
3/17/1999,9,15,31,40,37,9
3/20/1999,20,41,4,40,22,7
3/24/1999,19,20,27,7,26,12
3/27/1999,12,45,13,5,48,35
3/31/1999,16,3,15,39,28,1
4/3/1999,1,4,10,17,30,6
4/7/1999,26,5,37,39,31,42
4/10/1999,3,34,45,42,24,1
4/14/1999,25,10,40,19,12,33
4/17/1999,18,40,25,43,15,37
4/21/1999,3,11,45,41,32,29
4/24/1999,3,48,45,1,35,18
4/28/1999,42,5,12,18,7,14
5/1/1999,20,9,27,7,26,18
5/5/1999,7,40,9,31,26,24
5/8/1999,25,47,34,28,30,14
5/12/1999,5,12,40,38,4,28
5/15/1999,4,38,24,27,30,14
5/19/1999,24,35,4,41,9,31
5/22/1999,36,18,6,43,15,11
5/26/1999,36,26,34,29,37,24
5/29/1999,43,36,35,5,45,19
6/2/1999,48,24,4,20,46,32
6/5/1999,49,8,37,2,16,11
6/9/1999,32,35,7,48,38,17
6/12/1999,28,26,35,45,17,20
6/16/1999,2,4,38,14,8,1
6/19/1999,46,2,23,38,27,26
6/23/1999,15,12,23,17,49,7
6/26/1999,22,15,38,47,8,26
6/30/1999,5,20,40,10,12,3
7/3/1999,1,7,8,37,21,2
7/7/1999,41,3,6,37,17,8
7/10/1999,35,17,7,44,37,30
7/14/1999,25,32,6,29,1,9
7/17/1999,37,40,36,30,48,28
7/21/1999,26,13,31,4,29,3
7/24/1999,4,23,45,47,33,33
7/28/1999,22,25,31,23,32,25
7/31/1999,45,18,43,46,26,29
8/4/1999,24,33,35,4,18,34
8/7/1999,42,49,45,1,44,1
8/11/1999,5,7,43,12,10,7
8/14/1999,6,39,5,45,1,14
8/18/1999,8,5,26,41,9,19
8/21/1999,17,45,28,42,2,20
8/25/1999,45,11,13,21,34,30
8/28/1999,38,39,25,14,18,7
9/1/1999,9,37,39,36,32,14
9/4/1999,23,22,34,26,14,29
9/8/1999,8,43,22,39,15,22
9/11/1999,37,4,32,42,33,25
9/15/1999,37,12,1,42,48,31
9/18/1999,2,46,26,34,8,30
9/22/1999,8,33,38,35,47,8
9/25/1999,33,41,36,32,15,7
9/29/1999,29,46,11,41,22,42
10/2/1999,48,35,15,12,25,30
10/6/1999,7,6,38,42,15,42
10/9/1999,20,8,43,39,27,1
10/13/1999,23,15,44,38,43,38
10/16/1999,5,40,18,22,12,21
10/20/1999,2,20,19,29,16,13
10/23/1999,32,15,12,37,27,11
10/27/1999,31,24,20,39,17,21
10/30/1999,26,41,33,37,10,21
11/3/1999,7,3,8,1,26,7
11/6/1999,8,5,12,40,25,28
11/10/1999,43,40,19,13,31,36
11/13/1999,26,13,32,16,34,24
11/17/1999,27,20,11,48,43,12
11/20/1999,5,6,18,44,42,3
11/24/1999,43,2,15,4,37,40
11/27/1999,16,24,38,28,3,28
12/1/1999,32,14,47,20,3,2
12/4/1999,38,25,36,22,5,37
12/8/1999,34,13,44,40,47,24
12/11/1999,47,10,6,31,48,29
12/15/1999,35,33,47,19,32,26
12/18/1999,43,3,2,25,15,25
12/22/1999,43,23,42,13,11,18
12/25/1999,19,39,29,6,44,28
12/29/1999,43,11,16,3,14,10
1/1/2000,36,13,23,9,45,39
1/5/2000,15,5,16,28,32,39
1/8/2000,28,7,35,40,48,14
1/12/2000,32,9,44,38,41,27
1/15/2000,40,1,6,21,33,28
1/19/2000,12,37,31,35,44,34
1/22/2000,41,32,4,34,16,25
1/26/2000,46,43,18,25,30,18
1/29/2000,28,8,32,6,47,26
2/2/2000,16,6,10,12,29,33
2/5/2000,44,11,41,34,6,20
2/9/2000,40,36,49,5,29,30
2/12/2000,45,37,44,21,24,24
2/16/2000,31,10,12,9,41,37
2/19/2000,45,24,14,23,48,21
2/23/2000,32,12,20,16,26,35
2/26/2000,49,9,7,23,37,7
3/1/2000,22,30,38,21,29,39
3/4/2000,6,43,8,48,3,1
3/8/2000,36,17,14,11,25,38
3/11/2000,23,11,31,2,28,39
3/15/2000,19,44,15,38,14,20
3/18/2000,30,43,46,12,39,10
3/22/2000,41,3,12,46,30,32
3/25/2000,6,48,43,30,45,32
3/29/2000,40,12,32,37,49,37
4/1/2000,4,3,29,38,13,21
4/5/2000,6,11,18,8,39,40
4/8/2000,33,4,48,12,9,18
4/12/2000,31,20,4,25,6,6
4/15/2000,28,26,48,40,15,9
4/19/2000,8,20,49,9,3,22
4/22/2000,48,3,9,5,42,35
4/26/2000,37,24,10,5,17,15
4/29/2000,12,14,35,26,36,37
5/3/2000,5,48,41,34,13,7
5/6/2000,39,4,27,29,41,16
5/10/2000,31,47,20,18,8,11
5/13/2000,38,1,42,27,3,24
5/17/2000,17,20,49,16,28,34
5/20/2000,40,5,48,17,44,26
5/24/2000,7,47,19,43,46,4
5/27/2000,30,29,2,44,22,36
5/31/2000,22,15,42,43,16,11
6/3/2000,31,37,13,14,15,10
6/7/2000,46,45,19,39,49,17
6/10/2000,47,2,32,40,16,15
6/14/2000,23,21,42,32,34,5
6/17/2000,25,15,47,44,6,7
6/21/2000,43,1,28,27,24,25
6/24/2000,49,13,26,27,2,4
6/28/2000,27,24,30,13,45,18
7/1/2000,42,14,22,13,32,26
7/5/2000,32,18,10,14,33,2
7/8/2000,10,2,39,34,7,12
7/12/2000,9,10,48,6,26,10
7/15/2000,21,5,8,49,46,34
7/19/2000,36,5,8,18,38,40
7/22/2000,12,2,33,15,41,33
7/26/2000,3,37,20,22,44,36
7/29/2000,38,24,26,11,41,7
8/2/2000,12,42,49,33,27,31
8/5/2000,32,38,28,13,33,14
8/9/2000,18,28,19,11,17,34
8/12/2000,46,47,31,6,38,21
8/16/2000,44,16,15,47,27,14
8/19/2000,17,36,23,10,13,23
8/23/2000,43,28,47,20,40,31
8/26/2000,40,43,27,22,16,5
8/30/2000,25,29,36,46,4,8
9/2/2000,5,26,22,14,20,35
9/6/2000,28,6,4,12,42,6
9/9/2000,18,42,14,29,20,2
9/13/2000,21,2,22,47,13,31
9/16/2000,19,47,1,40,49,14
9/20/2000,17,45,23,33,21,11
9/23/2000,35,1,17,36,27,31
9/27/2000,24,47,44,32,42,15
9/30/2000,24,19,32,44,43,39
10/4/2000,24,16,48,34,3,3
10/7/2000,4,7,39,34,27,1
10/11/2000,32,44,45,26,41,35
10/14/2000,16,22,18,41,14,37
10/18/2000,17,42,21,43,28,25
10/21/2000,24,45,13,19,44,16
10/25/2000,45,5,46,3,20,37
10/28/2000,37,32,6,11,47,13
11/1/2000,10,29,14,4,39,10
11/4/2000,34,5,22,42,9,2
11/8/2000,37,49,17,45,13,4
11/11/2000,21,38,12,4,46,37
11/15/2000,26,12,46,32,41,18
11/18/2000,27,31,41,3,32,33
11/22/2000,44,18,5,40,47,34
11/25/2000,37,2,39,38,42,22
11/29/2000,29,1,20,27,4,17
12/2/2000,22,14,38,41,11,39
12/6/2000,20,15,45,7,23,17
12/9/2000,14,41,10,8,42,20
12/13/2000,6,19,38,10,43,41
12/16/2000,26,34,2,33,39,23
12/20/2000,4,31,34,7,41,28
12/23/2000,27,6,11,15,22,27
12/27/2000,24,15,32,22,39,18
12/30/2000,46,38,29,23,26,35
1/3/2001,29,9,49,19,38,20
1/6/2001,22,43,1,24,39,26
1/10/2001,23,22,35,6,9,6
1/13/2001,42,19,23,14,29,26
1/17/2001,48,16,31,9,28,36
1/20/2001,36,25,11,1,29,40
1/24/2001,39,49,31,34,42,26
1/27/2001,45,19,41,32,8,37
1/31/2001,27,15,21,47,37,16
2/3/2001,29,27,44,21,41,9
2/7/2001,7,6,33,31,4,20
2/10/2001,46,16,41,38,47,25
2/14/2001,41,29,5,42,18,16
2/17/2001,31,39,22,41,4,6
2/21/2001,32,4,10,39,45,25
2/24/2001,41,30,49,34,29,37
2/28/2001,3,47,46,9,1,22
3/3/2001,44,36,23,9,8,15
3/7/2001,32,9,23,45,40,31
3/10/2001,30,19,12,26,33,11
3/14/2001,42,22,27,49,12,34
3/17/2001,36,16,18,15,20,18
3/21/2001,13,18,14,20,21,16
3/24/2001,2,28,37,40,49,22
3/28/2001,27,43,31,12,4,20
3/31/2001,11,39,41,27,37,42
4/4/2001,5,43,16,12,13,11
4/7/2001,37,20,41,31,18,1
4/11/2001,21,4,41,32,39,31
4/14/2001,3,16,30,8,29,4
4/18/2001,6,18,11,20,44,39
4/21/2001,24,38,5,25,30,40
4/25/2001,39,28,14,29,26,39
4/28/2001,1,20,11,39,34,37
5/2/2001,42,2,36,19,30,19
5/5/2001,7,20,45,9,19,5
5/9/2001,49,22,14,19,9,34
5/12/2001,11,36,28,16,29,21
5/16/2001,28,20,44,13,12,17
5/19/2001,49,47,10,6,21,2
5/23/2001,34,21,49,32,19,38
5/26/2001,9,10,40,24,21,36
5/30/2001,12,36,28,43,11,9
6/2/2001,10,45,48,26,17,38
6/6/2001,10,40,45,20,21,22
6/9/2001,37,23,42,43,20,27
6/13/2001,41,9,32,36,34,14
6/16/2001,44,17,13,2,45,14
6/20/2001,5,9,49,18,14,32
6/23/2001,42,38,40,6,35,36
6/27/2001,7,13,16,3,35,22
6/30/2001,33,3,6,34,39,15
7/4/2001,30,25,3,28,26,10
7/7/2001,9,34,22,46,3,17
7/11/2001,16,24,26,10,18,13
7/14/2001,27,15,1,13,41,2
7/18/2001,9,4,31,26,49,2
7/21/2001,19,27,20,15,3,20
7/25/2001,37,16,29,39,23,17
7/28/2001,33,36,4,23,45,29
8/1/2001,39,26,24,34,25,31
8/4/2001,16,26,46,24,20,9
8/8/2001,37,25,41,10,2,2
8/11/2001,14,41,11,25,20,8
8/15/2001,37,40,44,29,43,6
8/18/2001,22,14,3,20,48,17
8/22/2001,2,36,39,30,28,10
8/25/2001,17,8,42,22,47,21
8/29/2001,35,9,49,4,32,28
9/1/2001,27,7,30,44,24,29
9/5/2001,14,42,18,33,24,8
9/8/2001,12,28,13,48,6,26
9/12/2001,47,25,39,13,35,1
9/15/2001,33,43,28,49,19,23
9/19/2001,31,28,21,41,26,29
9/22/2001,27,42,39,34,23,40
9/26/2001,35,18,30,26,44,19
9/29/2001,15,2,29,47,21,12
10/3/2001,23,35,20,2,49,25
10/6/2001,31,21,9,5,1,12
10/10/2001,8,16,1,7,19,37
10/13/2001,37,40,41,46,48,20
10/17/2001,46,7,40,5,29,5
10/20/2001,40,16,47,7,33,33
10/24/2001,27,6,15,42,24,32
10/27/2001,17,28,10,1,45,20
10/31/2001,2,18,16,40,35,41
11/3/2001,14,37,6,49,36,20
11/7/2001,25,4,17,2,6,31
11/10/2001,7,13,33,38,16,13
11/14/2001,17,28,30,4,40,3
11/17/2001,7,35,27,1,10,34
11/21/2001,31,28,38,41,27,13
11/24/2001,27,37,42,12,10,30
11/28/2001,48,24,5,15,18,16
12/1/2001,48,46,41,6,38,37
12/5/2001,14,9,8,13,21,37
12/8/2001,35,17,48,31,26,35
12/12/2001,35,43,47,20,4,27
12/15/2001,11,22,13,8,37,17
12/19/2001,35,43,36,20,26,23
12/22/2001,27,33,14,24,34,6
12/26/2001,19,39,23,41,8,21
12/29/2001,45,10,43,27,15,31
1/2/2002,36,46,23,44,42,33
1/5/2002,7,8,32,17,14,15
1/9/2002,39,7,40,42,43,4
1/12/2002,13,41,19,22,47,5
1/16/2002,24,34,31,47,40,30
1/19/2002,21,35,49,41,23,5
1/23/2002,14,47,32,18,30,36
1/26/2002,5,14,22,30,15,31
1/30/2002,7,21,15,9,40,18
2/2/2002,27,45,19,43,12,28
2/6/2002,28,10,34,24,35,32
2/9/2002,30,35,21,17,36,12
2/13/2002,43,33,38,10,2,19
2/16/2002,31,42,19,45,32,6
2/20/2002,19,8,9,25,22,11
2/23/2002,15,21,38,19,8,33
2/27/2002,2,6,19,45,1,27
3/2/2002,6,25,46,22,36,34
3/6/2002,30,38,5,15,7,2
3/9/2002,2,49,12,38,44,19
3/13/2002,4,28,27,49,33,39
3/16/2002,45,16,38,37,10,14
3/20/2002,4,20,30,49,25,37
3/23/2002,39,2,10,48,1,13
3/27/2002,35,43,15,40,46,33
3/30/2002,29,13,8,16,19,37
4/3/2002,14,36,8,29,17,3
4/6/2002,22,16,30,15,35,20
4/10/2002,29,17,12,7,48,21
4/13/2002,38,16,22,33,32,13
4/17/2002,2,23,36,3,22,22
4/20/2002,40,27,34,44,42,8
4/24/2002,13,1,16,43,33,1
4/27/2002,12,18,1,33,9,14
5/1/2002,48,3,26,32,45,6
5/4/2002,12,6,9,20,7,20
5/8/2002,11,6,34,25,28,35
5/11/2002,3,36,15,16,40,22
5/15/2002,30,33,37,36,49,35
5/18/2002,25,2,32,31,18,1
5/22/2002,20,5,22,34,23,19
5/25/2002,29,9,42,33,30,27
5/29/2002,49,28,18,35,31,13
6/1/2002,17,27,2,6,19,2
6/5/2002,18,1,21,36,47,33
6/8/2002,48,46,26,42,37,38
6/12/2002,49,39,27,13,18,20
6/15/2002,16,42,8,7,43,15
6/19/2002,4,7,3,11,1,23
6/22/2002,16,37,1,48,26,9
6/26/2002,9,24,17,23,6,14
6/29/2002,45,4,35,33,36,22
7/3/2002,7,19,38,48,49,10
7/6/2002,2,39,27,9,36,13
7/10/2002,31,43,37,45,26,32
7/13/2002,22,49,42,3,37,8
7/17/2002,25,10,40,11,45,25
7/20/2002,13,3,2,26,6,10
7/24/2002,16,19,34,37,22,20
7/27/2002,17,5,44,22,2,30
7/31/2002,2,4,34,22,6,26
8/3/2002,34,24,33,13,19,41
8/7/2002,13,40,35,47,46,35
8/10/2002,11,16,21,35,27,31
8/14/2002,19,4,33,16,41,29
8/17/2002,46,33,3,42,26,41
8/21/2002,48,1,47,6,43,36
8/24/2002,24,18,45,5,10,20
8/28/2002,38,36,30,24,37,42
8/31/2002,14,22,12,29,41,41
9/4/2002,26,15,18,36,31,20
9/7/2002,24,12,19,34,6,18
9/11/2002,6,3,39,26,48,28
9/14/2002,14,5,40,26,31,29
9/18/2002,44,42,6,27,32,10
9/21/2002,45,11,28,40,3,33
9/25/2002,49,36,23,12,1,9
9/28/2002,24,22,12,35,31,8
10/2/2002,4,5,43,2,38,34
10/5/2002,22,14,39,43,19,12
10/9/2002,9,38,43,10,42,5
10/12/2002,23,49,46,52,26,28
10/16/2002,8,31,24,37,11,41
10/19/2002,4,42,18,25,20,29
10/23/2002,18,30,2,14,31,36
10/26/2002,33,14,12,39,27,41
10/30/2002,9,23,41,19,16,12
11/2/2002,34,35,15,32,8,34
11/6/2002,9,19,17,12,11,23
11/9/2002,53,38,30,40,36,8
11/13/2002,50,18,23,38,31,20
11/16/2002,40,51,32,33,35,1
11/20/2002,14,22,44,21,29,3
11/23/2002,49,21,15,19,16,5
11/27/2002,1,25,40,53,20,19
11/30/2002,19,1,4,21,29,8
12/4/2002,35,13,20,21,40,35
12/7/2002,17,27,32,3,48,1
12/11/2002,6,14,22,12,33,21
12/14/2002,42,44,24,17,8,37
12/18/2002,52,50,14,33,2,22
12/21/2002,39,34,52,5,22,30
12/25/2002,53,14,5,16,29,7
12/28/2002,50,2,15,38,43,29
1/1/2003,42,43,34,53,18,17
1/4/2003,11,39,1,40,37,23
1/8/2003,44,16,22,46,26,20
1/11/2003,9,46,48,45,51,2
1/15/2003,17,42,44,30,4,15
1/18/2003,34,4,52,48,17,10
1/22/2003,40,30,20,28,43,3
1/25/2003,10,15,51,12,49,21
1/29/2003,12,53,30,27,10,28
2/1/2003,11,2,39,21,16,42
2/5/2003,2,7,48,9,5,32
2/8/2003,21,23,13,20,2,35
2/12/2003,49,7,12,19,47,6
2/15/2003,29,1,42,38,26,30
2/19/2003,16,11,44,17,6,26
2/22/2003,10,2,9,6,5,26
2/26/2003,34,27,23,31,10,11
3/1/2003,28,7,6,27,41,3
3/5/2003,37,28,44,2,24,6
3/8/2003,20,45,1,21,5,24
3/12/2003,24,44,52,25,5,20
3/15/2003,45,52,41,30,12,35
3/19/2003,19,37,47,51,40,40
3/22/2003,29,5,31,49,47,25
3/26/2003,52,28,10,40,31,41
3/29/2003,25,2,17,9,36,8
4/2/2003,47,17,50,12,35,13
4/5/2003,46,14,49,7,23,20
4/9/2003,38,51,6,28,35,41
4/12/2003,17,52,27,35,28,2
4/16/2003,39,50,41,25,4,31
4/19/2003,48,10,18,40,46,30
4/23/2003,51,14,23,15,31,34
4/26/2003,36,11,13,5,22,31
4/30/2003,32,13,17,33,7,35
5/3/2003,14,40,39,47,21,6
5/7/2003,13,35,18,51,34,28
5/10/2003,1,2,6,20,10,38
5/14/2003,34,52,45,20,33,21
5/17/2003,18,42,13,5,50,4
5/21/2003,41,32,30,4,35,9
5/24/2003,49,10,48,42,50,42
5/28/2003,17,6,16,19,38,16
5/31/2003,46,26,52,10,30,35
6/4/2003,26,53,24,14,2,1
6/7/2003,27,17,11,40,26,6
6/11/2003,44,46,16,12,43,38
6/14/2003,12,42,50,40,26,3
6/18/2003,19,45,21,20,46,20
6/21/2003,27,15,19,44,36,17
6/25/2003,43,5,35,50,26,4
6/28/2003,44,14,7,41,9,25
7/2/2003,26,17,24,45,16,36
7/5/2003,17,49,5,25,37,21
7/9/2003,19,26,21,31,51,40
7/12/2003,50,51,6,16,52,23
7/16/2003,30,18,49,28,27,20
7/19/2003,34,48,29,14,30,1
7/23/2003,51,37,34,16,4,38
7/26/2003,9,34,30,10,32,11
7/30/2003,26,31,49,22,18,28
8/2/2003,41,42,17,40,46,25
8/6/2003,48,11,14,26,31,30
8/9/2003,25,40,18,23,26,15
8/13/2003,44,26,48,35,31,32
8/16/2003,15,20,42,37,13,7
8/20/2003,35,22,46,48,8,15
8/23/2003,39,50,51,46,1,7
8/27/2003,31,46,36,42,24,32
8/30/2003,35,49,41,36,9,33
9/3/2003,19,9,6,24,40,31
9/6/2003,41,15,6,20,18,17
9/10/2003,3,33,30,17,29,34
9/13/2003,32,28,6,19,10,39
9/17/2003,32,2,19,34,24,2
9/20/2003,13,33,11,31,28,29
9/24/2003,28,47,19,20,17,37
9/27/2003,48,20,9,41,30,29
10/1/2003,50,5,4,21,19,41
10/4/2003,8,13,29,44,48,36
10/8/2003,6,25,7,8,1,18
10/11/2003,11,32,45,14,21,21
10/15/2003,29,6,39,52,9,8
10/18/2003,35,22,25,34,33,14
10/22/2003,53,27,25,3,28,35
10/25/2003,6,17,48,45,47,4
10/29/2003,22,34,19,8,53,29
11/1/2003,34,19,37,47,16,18
11/5/2003,20,38,27,6,39,31
11/8/2003,5,24,52,38,8,22
11/12/2003,22,11,7,19,20,1
11/15/2003,20,8,22,32,52,39
11/19/2003,36,42,26,16,47,33
11/22/2003,45,9,12,29,17,4
11/26/2003,16,1,3,41,37,19
11/29/2003,39,14,43,51,36,15
12/3/2003,37,1,43,10,35,30
12/6/2003,24,45,21,41,37,39
12/10/2003,40,4,17,26,37,15
12/13/2003,17,25,44,19,26,19
12/17/2003,43,15,18,21,19,7
12/20/2003,48,24,12,25,20,37
12/24/2003,1,44,6,34,31,25
12/27/2003,17,34,32,16,43,31
12/31/2003,5,7,28,18,35,1
1/3/2004,42,4,22,5,41,2
1/7/2004,44,4,18,14,7,25
1/10/2004,13,2,27,19,50,5
1/14/2004,44,33,12,50,40,40
1/17/2004,48,32,9,45,8,15
1/21/2004,17,45,41,34,13,17
1/24/2004,1,38,37,5,53,31
1/28/2004,17,13,8,39,48,34
1/31/2004,37,6,3,27,41,38
2/4/2004,17,7,32,25,12,33
2/7/2004,46,39,31,35,34,3
2/11/2004,5,50,52,16,28,4
2/14/2004,25,10,35,43,24,32
2/18/2004,50,36,24,4,44,2
2/21/2004,22,26,53,48,15,14
2/25/2004,4,47,17,11,5,35
2/28/2004,25,52,53,6,26,40
3/3/2004,23,11,17,53,5,34
3/6/2004,49,46,17,51,9,9
3/10/2004,10,41,22,20,49,6
3/13/2004,50,44,11,48,45,2
3/17/2004,24,15,20,43,7,5
3/20/2004,44,14,24,27,2,6
3/24/2004,39,47,43,20,18,31
3/27/2004,30,17,2,15,34,32
3/31/2004,15,31,39,34,50,35
4/3/2004,43,7,26,6,32,13
4/7/2004,7,37,2,35,16,10
4/10/2004,2,48,30,9,47,40
4/14/2004,38,22,1,20,6,22
4/17/2004,41,4,42,34,29,11
4/21/2004,11,8,51,42,34,27
4/24/2004,2,44,35,13,22,28
4/28/2004,27,34,52,49,42,23
5/1/2004,1,34,47,10,39,33
5/5/2004,21,25,16,9,32,8
5/8/2004,37,3,43,9,17,39
5/12/2004,42,45,11,31,35,35
5/15/2004,1,26,46,27,43,31
5/19/2004,31,14,41,37,15,31
5/22/2004,1,49,42,36,7,41
5/26/2004,38,10,31,3,35,16
5/29/2004,1,16,32,39,30,2
6/2/2004,26,6,12,29,5,30
6/5/2004,41,5,42,39,26,39
6/9/2004,31,50,37,1,33,40
6/12/2004,6,52,48,43,20,28
6/16/2004,16,18,48,39,26,22
6/19/2004,2,37,36,48,9,16
6/23/2004,16,20,9,12,39,1
6/26/2004,17,47,9,32,41,8
6/30/2004,47,45,2,31,29,4
7/3/2004,3,30,8,47,12,23
7/7/2004,41,34,30,25,18,10
7/10/2004,17,44,23,16,26,13
7/14/2004,9,49,24,45,50,37
7/17/2004,23,45,50,20,36,9
7/21/2004,42,38,46,31,3,2
7/24/2004,52,29,2,3,13,25
7/28/2004,40,4,39,19,50,22
7/31/2004,47,31,14,35,45,35
8/4/2004,37,11,26,22,51,21
8/7/2004,16,34,9,8,48,8
8/11/2004,10,33,5,51,29,35
8/14/2004,4,10,43,18,11,41
8/18/2004,35,40,42,33,31,40
8/21/2004,40,27,39,16,3,3
8/25/2004,32,1,50,30,37,19
8/28/2004,35,6,30,45,39,31
9/1/2004,44,45,33,51,31,31
9/4/2004,46,15,26,25,13,28
9/8/2004,28,4,2,33,52,18
9/11/2004,36,25,49,46,34,9
9/15/2004,28,17,1,50,8,20
9/18/2004,14,36,31,2,27,9
9/22/2004,37,6,34,14,40,7
9/25/2004,41,11,40,48,25,3
9/29/2004,35,16,37,28,33,17
10/2/2004,32,35,29,13,2,4
10/6/2004,50,19,44,5,6,28
10/9/2004,10,48,47,3,1,27
10/13/2004,17,45,46,5,14,41
10/16/2004,22,42,5,36,20,11
10/20/2004,41,46,11,17,1,24
10/23/2004,49,50,15,52,24,40
10/27/2004,40,51,44,11,17,21
10/30/2004,20,27,48,40,30,11
11/3/2004,48,43,45,11,35,42
11/6/2004,18,22,33,40,38,19
11/10/2004,14,43,45,21,29,26
11/13/2004,33,34,26,5,6,13
11/17/2004,31,15,46,25,36,37
11/20/2004,45,50,48,4,29,1
11/24/2004,47,49,53,3,19,4
11/27/2004,16,35,47,36,28,31
12/1/2004,44,28,36,38,3,1
12/4/2004,30,9,22,6,16,4
12/8/2004,17,13,50,35,45,2
12/11/2004,16,53,41,7,6,23
12/15/2004,38,1,53,11,6,11
12/18/2004,30,1,29,25,45,12
12/22/2004,7,11,31,24,2,18
12/25/2004,39,29,32,53,45,16
12/29/2004,44,33,29,38,24,7
1/1/2005,47,22,23,26,44,12
1/5/2005,10,7,37,4,30,37
1/8/2005,11,22,24,9,43,2
1/12/2005,50,21,27,38,23,38
1/15/2005,37,49,21,51,26,25
1/19/2005,49,32,9,18,33,27
1/22/2005,33,32,34,11,23,38
1/26/2005,5,32,48,47,43,33
1/29/2005,41,29,20,16,11,12
2/2/2005,16,44,40,10,11,2
2/5/2005,44,11,34,47,37,23
2/9/2005,10,15,9,18,29,9
2/12/2005,50,21,28,18,49,16
2/16/2005,48,21,41,27,25,25
2/19/2005,12,15,18,52,27,36
2/23/2005,4,48,15,10,51,13
2/26/2005,33,22,49,30,8,6
3/2/2005,48,18,46,3,10,8
3/5/2005,40,9,27,53,13,28
3/9/2005,20,17,10,23,45,31
3/12/2005,40,23,52,46,7,41
3/16/2005,19,38,11,25,50,35
3/19/2005,41,1,21,32,28,9
3/23/2005,29,23,40,45,37,38
3/26/2005,35,12,9,51,41,36
3/30/2005,28,39,22,32,33,42
4/2/2005,11,9,5,17,46,39
4/6/2005,5,14,11,51,22,17
4/9/2005,46,11,1,35,53,29
4/13/2005,37,51,6,13,52,25
4/16/2005,11,44,38,51,45,41
4/20/2005,7,16,33,34,46,27
4/23/2005,15,8,50,9,13,9
4/27/2005,42,11,32,13,18,4
4/30/2005,8,48,32,15,17,24
5/4/2005,27,33,40,10,21,2
5/7/2005,47,44,23,21,39,19
5/11/2005,46,49,5,48,25,6
5/14/2005,49,21,29,38,52,42
5/18/2005,17,7,20,13,35,35
5/21/2005,7,30,5,10,2,23
5/25/2005,29,46,27,31,42,33
5/28/2005,39,24,5,28,7,36
6/1/2005,34,50,39,42,15,12
6/4/2005,16,44,7,38,48,18
6/8/2005,36,10,43,40,42,42
6/11/2005,3,46,10,24,14,37
6/15/2005,39,20,22,14,44,14
6/18/2005,10,5,24,16,8,5
6/22/2005,13,51,42,23,9,15
6/25/2005,28,32,40,7,31,14
6/29/2005,42,8,49,22,3,39
7/2/2005,29,9,10,52,39,20
7/6/2005,12,25,48,2,30,38
7/9/2005,53,39,8,9,47,4
7/13/2005,5,23,43,4,13,34
7/16/2005,50,33,32,41,8,22
7/20/2005,51,7,32,39,6,31
7/23/2005,28,13,20,32,16,36
7/27/2005,4,13,10,29,1,3
7/30/2005,14,38,35,8,46,24
8/3/2005,39,5,24,19,28,24
8/6/2005,9,1,19,36,53,33
8/10/2005,31,13,49,38,36,2
8/13/2005,2,37,43,18,1,37
8/17/2005,8,43,53,30,3,15
8/20/2005,27,13,28,29,49,36
8/24/2005,35,9,26,11,51,32
8/27/2005,8,39,31,44,22,11
8/31/2005,17,19,13,50,41,13
9/3/2005,30,3,31,1,43,36
9/7/2005,32,50,12,40,54,37
9/10/2005,10,11,8,48,50,16
9/14/2005,24,50,21,42,49,1
9/17/2005,49,52,5,9,27,6
9/21/2005,35,28,34,3,50,8
9/24/2005,2,10,43,55,31,14
9/28/2005,7,22,27,48,50,17
10/1/2005,18,54,38,8,45,23
10/5/2005,25,30,45,2,15,17
10/8/2005,26,31,35,50,46,28
10/12/2005,54,51,9,18,4,10
10/15/2005,34,1,7,8,45,15
10/19/2005,49,21,44,7,43,29
10/22/2005,36,6,53,51,7,17
10/26/2005,43,39,2,42,10,23
10/29/2005,41,50,22,19,14,21
11/2/2005,41,14,6,11,27,38
11/5/2005,37,25,50,29,7,17
11/9/2005,5,49,14,13,31,30
11/12/2005,48,41,17,55,37,39
11/16/2005,5,20,44,21,18,27
11/19/2005,15,54,20,41,8,22
11/23/2005,24,25,9,27,12,33
11/26/2005,34,28,53,37,45,32
11/30/2005,42,23,19,27,52,1
12/3/2005,2,26,42,15,37,36
12/7/2005,45,30,54,41,19,14
12/10/2005,45,34,42,3,21,39
12/14/2005,45,15,8,16,51,11
12/17/2005,24,44,53,36,46,18
12/21/2005,23,43,12,16,9,37
12/24/2005,4,10,34,50,33,14
12/28/2005,12,46,15,54,30,1
12/31/2005,43,4,46,30,37,42
1/4/2006,23,10,48,54,42,3
1/7/2006,2,21,43,32,16,6
1/11/2006,18,14,3,17,6,14
1/14/2006,49,14,6,46,40,17
1/18/2006,53,38,15,29,52,7
1/21/2006,54,18,3,39,43,41
1/25/2006,52,37,50,43,10,14
1/28/2006,26,15,28,36,14,36
2/1/2006,13,30,55,11,35,37
2/4/2006,38,30,4,13,12,30
2/8/2006,48,32,25,14,54,10
2/11/2006,38,7,51,40,52,14
2/15/2006,39,35,3,13,40,37
2/18/2006,44,48,15,43,17,29
2/22/2006,47,53,23,55,9,39
2/25/2006,51,3,48,46,37,22
3/1/2006,25,10,35,41,38,23
3/4/2006,13,52,22,55,27,26
3/8/2006,5,7,21,1,43,20
3/11/2006,54,37,35,52,16,33
3/15/2006,36,48,54,7,12,37
3/18/2006,25,1,36,42,34,19
3/22/2006,45,38,23,22,18,31
3/25/2006,20,37,34,45,39,32
3/29/2006,24,28,54,2,14,13
4/1/2006,55,10,50,1,23,29
4/5/2006,29,39,9,24,3,42
4/8/2006,35,4,43,44,23,35
4/12/2006,34,41,26,35,16,24
4/15/2006,46,23,13,28,18,33
4/19/2006,32,53,34,5,28,10
4/22/2006,4,6,27,5,18,24
4/26/2006,55,26,48,24,12,14
4/29/2006,19,40,35,30,41,14
5/3/2006,38,19,6,42,4,37
5/6/2006,38,12,32,23,25,27
5/10/2006,4,3,11,44,37,24
5/13/2006,30,54,19,47,28,13
5/17/2006,15,26,24,35,17,38
5/20/2006,23,2,9,44,45,38
5/24/2006,3,12,47,51,2,10
5/27/2006,41,6,27,23,47,19
5/31/2006,49,22,20,43,10,3
6/3/2006,20,5,18,50,6,35
6/7/2006,20,10,4,26,40,8
6/10/2006,36,54,24,26,16,11
6/14/2006,4,40,14,48,15,12
6/17/2006,39,48,20,22,10,25
6/21/2006,11,19,22,43,45,34
6/24/2006,39,8,47,11,30,23
6/28/2006,45,51,8,16,2,32
7/1/2006,40,35,42,2,31,34
7/5/2006,26,52,39,41,53,20
7/8/2006,50,44,49,32,37,13
7/12/2006,31,33,30,18,19,15
7/15/2006,36,20,47,50,35,5
7/19/2006,44,50,2,38,32,21
7/22/2006,40,47,14,55,54,6
7/26/2006,10,5,24,17,43,31
7/29/2006,14,39,55,19,26,29
8/2/2006,24,19,10,16,13,15
8/5/2006,48,50,3,9,2,23
8/9/2006,52,19,43,41,16,35
8/12/2006,14,54,27,18,13,32
8/16/2006,22,2,13,50,48,2
8/19/2006,12,51,29,22,26,9
8/23/2006,17,8,51,24,38,31
8/26/2006,26,24,42,38,46,16
8/30/2006,35,3,19,43,33,1
9/2/2006,24,28,3,49,8,25
9/6/2006,27,35,21,55,2,1
9/9/2006,20,47,3,22,19,2
9/13/2006,15,47,19,45,26,3
9/16/2006,26,42,27,7,8,12
9/20/2006,54,8,7,29,17,26
9/23/2006,21,45,26,13,50,20
9/27/2006,49,23,33,35,28,16
9/30/2006,30,32,15,39,6,5
10/4/2006,39,27,7,3,40,8
10/7/2006,4,31,45,3,8,12
10/11/2006,38,10,35,5,12,9
10/14/2006,26,15,1,17,40,19
10/18/2006,41,2,24,34,48,24
10/21/2006,45,55,29,9,31,7
10/25/2006,16,40,43,48,42,1
10/28/2006,38,22,41,30,14,12
11/1/2006,46,54,13,7,8,35
11/4/2006,44,13,34,12,39,5
11/8/2006,12,53,8,11,26,4
11/11/2006,40,49,38,35,55,41
11/15/2006,11,28,43,30,34,29
11/18/2006,42,36,19,1,8,20
11/22/2006,22,49,32,36,55,8
11/25/2006,55,49,28,5,18,38
11/29/2006,2,9,12,8,19,25
12/2/2006,42,34,50,45,17,11
12/6/2006,38,36,35,7,34,14
12/9/2006,52,22,19,34,30,40
12/13/2006,33,32,19,54,42,15
12/16/2006,28,17,36,5,51,5
12/20/2006,6,26,14,1,34,34
12/23/2006,27,43,53,8,52,5
12/27/2006,14,29,16,27,41,29
12/30/2006,31,28,23,9,36,26
1/3/2007,12,55,24,35,10,31
1/6/2007,24,40,1,50,49,38
1/10/2007,45,54,42,53,36,36
1/13/2007,21,1,26,23,25,4
1/17/2007,52,35,16,49,50,31
1/20/2007,1,38,5,26,32,30
1/24/2007,53,29,9,42,19,17
1/27/2007,10,26,19,32,27,14
1/31/2007,48,42,2,25,15,14
2/3/2007,13,20,33,42,12,37
2/7/2007,22,4,28,37,52,10
2/10/2007,41,11,16,42,2,16
2/14/2007,3,30,26,54,55,15
2/17/2007,35,1,15,37,45,32
2/21/2007,8,2,29,22,37,3
2/24/2007,42,55,38,54,36,24
2/28/2007,41,20,13,42,53,2
3/3/2007,16,22,5,1,48,6
3/7/2007,18,16,46,19,13,36
3/10/2007,42,18,43,34,14,32
3/14/2007,44,4,27,30,39,18
3/17/2007,17,47,44,7,54,3
3/21/2007,53,38,24,54,16,5
3/24/2007,53,38,40,10,48,3
3/28/2007,47,6,35,20,37,1
3/31/2007,36,5,2,16,40,36
4/4/2007,39,19,53,30,40,16
4/7/2007,28,55,54,2,31,23
4/11/2007,42,51,6,38,15,18
4/14/2007,12,49,21,36,38,18
4/18/2007,13,10,24,12,6,19
4/21/2007,45,26,28,22,33,17
4/25/2007,14,12,13,17,53,11
4/28/2007,16,43,46,49,22,10
5/2/2007,40,1,8,47,35,9
5/5/2007,29,21,13,40,50,6
5/9/2007,44,2,52,30,13,40
5/12/2007,30,51,53,44,46,25
5/16/2007,42,7,16,6,34,23
5/19/2007,26,19,45,21,3,2
5/23/2007,38,24,3,11,36,6
5/26/2007,21,5,46,1,51,29
5/30/2007,55,7,54,23,35,28
6/2/2007,2,36,22,32,47,36
6/6/2007,45,14,48,5,9,28
6/9/2007,10,7,32,25,41,22
6/13/2007,47,28,13,30,10,26
6/16/2007,8,47,4,51,32,27
6/20/2007,32,31,55,37,23,35
6/23/2007,27,43,14,15,53,28
6/27/2007,9,13,11,24,43,18
6/30/2007,38,39,47,24,46,26
7/4/2007,17,49,15,1,2,35
7/7/2007,47,21,41,15,27,20
7/11/2007,43,42,20,29,8,35
7/14/2007,1,36,30,34,21,37
7/18/2007,9,42,14,40,3,3
7/21/2007,46,39,30,14,43,14
7/25/2007,28,35,47,40,53,30
7/28/2007,19,24,47,27,15,11
8/1/2007,16,52,9,23,51,12
8/4/2007,27,24,2,36,23,3
8/8/2007,52,21,9,16,30,9
8/11/2007,37,1,11,10,40,20
8/15/2007,19,51,24,22,38,9
8/18/2007,15,12,31,28,50,12
8/22/2007,12,37,48,40,50,37
8/25/2007,23,29,35,8,2,19
8/29/2007,33,47,13,16,44,29
9/1/2007,19,39,23,37,12,13
9/5/2007,48,30,21,20,11,18
9/8/2007,12,30,7,48,28,40
9/12/2007,47,5,24,26,33,1
9/15/2007,51,48,16,13,27,21
9/19/2007,26,25,20,46,45,15
9/22/2007,4,9,18,55,43,3
9/26/2007,27,54,25,31,44,8
9/29/2007,38,55,33,31,49,39
10/3/2007,2,4,15,28,14,23
10/6/2007,33,32,51,8,30,2
10/10/2007,31,54,33,16,12,5
10/13/2007,21,34,36,30,49,42
10/17/2007,46,15,42,19,14,37
10/20/2007,40,10,11,37,54,10
10/24/2007,10,52,11,49,18,2
10/27/2007,13,25,30,40,43,12
10/31/2007,29,18,6,37,16,24
11/3/2007,1,38,40,53,31,42
11/7/2007,46,22,35,52,29,2
11/10/2007,6,26,30,24,22,12
11/14/2007,16,30,20,18,48,6
11/17/2007,53,52,49,27,17,23
11/21/2007,13,11,20,3,40,20
11/24/2007,7,1,23,35,13,19
11/28/2007,23,39,8,32,37,38
12/1/2007,41,32,39,55,7,13
12/5/2007,8,55,21,15,1,41
12/8/2007,31,8,29,25,4,41
12/12/2007,7,40,55,33,14,15
12/15/2007,47,22,37,48,50,17
12/19/2007,22,15,42,18,23,37
12/22/2007,34,10,38,5,11,21
12/26/2007,55,32,8,54,41,20
12/29/2007,8,12,49,17,35,18
1/2/2008,31,34,48,11,2,5
1/5/2008,33,11,16,4,40,9
1/9/2008,2,20,13,23,21,24
1/12/2008,47,53,43,23,39,14
1/16/2008,9,18,47,38,19,11
1/19/2008,28,20,23,25,27,2
1/23/2008,48,47,35,4,16,39
1/26/2008,39,53,35,11,54,24
1/30/2008,55,2,17,41,54,17
2/2/2008,14,44,25,26,16,30
2/6/2008,3,43,5,42,12,5
2/9/2008,24,4,23,43,30,28
2/13/2008,32,13,38,51,19,30
2/16/2008,3,49,4,20,8,18
2/20/2008,20,9,36,22,12,31
2/23/2008,23,29,8,13,47,32
2/27/2008,37,48,53,20,24,11
3/1/2008,31,21,19,2,55,19
3/5/2008,10,15,23,16,31,5
3/8/2008,29,49,17,34,31,16
3/12/2008,30,12,34,19,36,8
3/15/2008,6,42,43,47,22,16
3/19/2008,29,6,8,49,41,42
3/22/2008,48,46,28,25,7,19
3/26/2008,20,37,49,9,12,17
3/29/2008,18,36,31,25,20,7
4/2/2008,37,1,55,44,34,33
4/5/2008,30,47,27,12,37,26
4/9/2008,46,13,32,3,19,18
4/12/2008,52,11,55,48,29,36
4/16/2008,21,18,11,16,51,16
4/19/2008,24,13,19,39,33,8
4/23/2008,22,39,21,20,11,1
4/26/2008,27,45,7,12,17,24
4/30/2008,25,51,43,17,1,38
5/3/2008,28,2,36,46,42,40
5/7/2008,42,26,25,28,9,26
5/10/2008,30,7,18,45,41,6
5/14/2008,46,29,21,32,19,32
5/17/2008,12,21,14,15,43,30
5/21/2008,21,33,42,7,16,25
5/24/2008,40,33,51,52,41,6
5/28/2008,18,45,22,10,37,9
5/31/2008,9,17,3,14,25,8
6/4/2008,18,5,52,40,20,3
6/7/2008,26,44,34,12,48,9
6/11/2008,7,49,18,28,21,1
6/14/2008,50,31,9,20,11,14
6/18/2008,52,9,31,39,12,32
6/21/2008,8,7,50,31,9,31
6/25/2008,53,45,14,21,25,9
6/28/2008,26,32,14,34,44,6
7/2/2008,46,33,52,48,4,17
7/5/2008,24,47,34,1,48,18
7/9/2008,5,31,7,49,53,14
7/12/2008,20,50,12,2,22,17
7/16/2008,3,23,15,42,29,17
7/19/2008,55,46,53,6,28,2
7/23/2008,52,11,14,35,41,2
7/26/2008,51,55,21,12,13,18
7/30/2008,25,55,3,51,45,13
8/2/2008,5,28,33,2,54,30
8/6/2008,24,37,5,36,51,19
8/9/2008,53,40,32,49,43,21
8/13/2008,31,10,5,23,19,26
8/16/2008,5,43,34,52,40,20
8/20/2008,15,24,47,35,16,26
8/23/2008,47,33,18,48,24,23
8/27/2008,13,49,31,48,36,11
8/30/2008,14,32,47,2,15,36
9/3/2008,49,38,40,46,50,34
9/6/2008,26,54,49,25,17,11
9/10/2008,37,28,15,53,14,18
9/13/2008,29,17,7,51,43,38
9/17/2008,12,26,32,23,44,20
9/20/2008,47,30,40,28,6,24
9/24/2008,32,36,13,21,5,33
9/27/2008,40,24,13,29,52,29
10/1/2008,43,39,8,9,55,26
10/4/2008,39,4,32,1,26,18
10/8/2008,48,12,54,17,2,2
10/11/2008,39,3,17,47,7,9
10/15/2008,3,13,38,32,48,13
10/18/2008,40,10,14,32,49,15
10/22/2008,17,52,10,33,51,5
10/25/2008,48,1,3,38,14,2
10/29/2008,37,50,20,30,52,33
11/1/2008,40,4,41,6,26,15
11/5/2008,18,33,36,4,8,32
11/8/2008,40,36,4,21,2,41
11/12/2008,18,45,25,1,29,2
11/15/2008,7,44,8,12,3,37
11/19/2008,8,45,13,39,38,31
11/22/2008,19,32,26,45,17,14
11/26/2008,11,31,52,26,34,14
11/29/2008,5,55,33,39,36,21
12/3/2008,17,21,25,16,55,3
12/6/2008,53,9,39,43,35,10
12/10/2008,37,6,41,24,15,37
12/13/2008,40,14,28,26,31,13
12/17/2008,11,7,30,24,18,26
12/20/2008,3,19,32,54,14,24
12/24/2008,17,2,32,22,41,8
12/27/2008,12,43,15,31,26,10
12/31/2008,11,53,8,7,17,36
1/3/2009,38,22,55,24,17,24
1/7/2009,31,52,23,33,38,24
1/10/2009,8,56,10,18,43,9
1/14/2009,46,34,25,8,39,34
1/17/2009,9,5,59,23,2,26
1/21/2009,26,20,54,46,38,23
1/24/2009,6,37,42,20,25,25
1/28/2009,10,32,18,5,23,4
1/31/2009,33,26,14,41,1,37
2/4/2009,24,44,30,32,7,18
2/7/2009,18,53,5,28,20,27
2/11/2009,5,22,45,49,10,37
2/14/2009,33,8,45,9,2,5
2/18/2009,44,15,56,39,2,15
2/21/2009,31,46,13,45,41,21
2/25/2009,32,49,42,56,17,11
2/28/2009,3,58,16,20,42,7
3/4/2009,6,1,44,55,49,36
3/7/2009,59,27,56,28,21,21
3/11/2009,13,7,47,3,34,30
3/14/2009,7,44,33,30,51,10
3/18/2009,16,29,26,45,41,1
3/21/2009,49,27,23,52,19,21
3/25/2009,23,47,10,20,54,26
3/28/2009,48,2,16,41,3,19
4/1/2009,2,33,41,54,9,14
4/4/2009,21,57,58,14,50,7
4/8/2009,52,56,1,6,48,9
4/11/2009,46,49,7,35,28,20
4/15/2009,59,22,26,16,27,5
4/18/2009,7,28,44,43,15,20
4/22/2009,30,15,48,22,37,12
4/25/2009,52,42,30,8,26,15
4/29/2009,6,36,50,19,59,13
5/2/2009,45,20,38,42,3,27
5/6/2009,12,7,22,31,8,18
5/9/2009,49,32,4,15,58,21
5/13/2009,30,40,37,32,19,37
5/16/2009,6,7,40,56,31,38
5/20/2009,23,30,42,35,31,6
5/23/2009,52,19,57,34,23,21
5/27/2009,5,16,6,21,12,7
5/30/2009,51,42,1,59,23,20
6/3/2009,22,20,32,16,37,9
6/6/2009,45,10,23,30,18,2
6/10/2009,26,42,58,27,15,37
6/13/2009,20,41,13,35,16,6
6/17/2009,53,9,37,5,42,27
6/20/2009,28,22,3,11,18,33
6/24/2009,53,24,51,16,18,16
6/27/2009,48,39,26,18,22,17
7/1/2009,38,53,9,52,32,15
7/4/2009,22,4,41,44,9,14
7/8/2009,50,56,42,53,19,39
7/11/2009,39,1,4,42,20,2
7/15/2009,26,50,57,52,51,37
7/18/2009,21,26,47,4,28,37
7/22/2009,6,22,4,16,32,11
7/25/2009,33,5,52,46,17,9
7/29/2009,38,2,43,5,59,8
8/1/2009,53,37,46,39,5,8
8/5/2009,34,25,41,49,46,29
8/8/2009,45,37,50,33,4,11
8/12/2009,32,10,25,47,34,5
8/15/2009,14,26,32,15,36,12
8/19/2009,43,14,31,51,24,27
8/22/2009,6,51,3,20,32,23
8/26/2009,43,23,1,21,30,11
8/29/2009,1,53,20,37,52,33
9/2/2009,23,47,36,18,59,36
9/5/2009,35,27,16,9,57,29
9/9/2009,16,18,51,53,4,23
9/12/2009,13,28,56,41,38,25
9/16/2009,17,56,37,40,51,25
9/19/2009,25,24,49,30,5,23
9/23/2009,7,8,29,20,25,11
9/26/2009,34,20,36,39,18,19
9/30/2009,52,54,41,42,57,30
10/3/2009,50,57,24,12,48,22
10/7/2009,2,50,38,21,20,22
10/10/2009,45,49,50,13,32,30
10/14/2009,15,30,5,40,25,6
10/17/2009,16,5,49,30,25,39
10/21/2009,34,51,45,6,16,4
10/24/2009,38,22,59,49,14,16
10/28/2009,51,46,26,3,11,23
10/31/2009,19,26,54,41,2,23
11/4/2009,51,10,45,11,14,17
11/7/2009,32,37,46,50,7,26
11/11/2009,12,8,22,29,14,22
11/14/2009,57,30,19,48,32,14
11/18/2009,58,59,32,50,42,31
11/21/2009,26,36,7,49,58,4
11/25/2009,18,13,4,59,49,5
11/28/2009,46,50,27,28,26,21
12/2/2009,37,46,14,34,55,37
12/5/2009,41,58,27,39,44,17
12/9/2009,58,12,5,1,13,21
12/12/2009,14,41,12,13,35,29
12/16/2009,23,43,25,35,13,15
12/19/2009,24,41,17,47,39,21
12/23/2009,52,8,49,51,32,23
12/26/2009,53,41,36,32,37,30
12/30/2009,5,52,14,38,39,6
1/2/2010,23,3,7,42,27,37
1/6/2010,56,27,29,20,58,31
1/9/2010,41,44,20,54,50,22
1/13/2010,32,15,8,11,50,27
1/16/2010,41,8,7,55,23,23
1/20/2010,46,15,43,44,32,19
1/23/2010,53,16,15,42,20,17
1/27/2010,15,26,31,6,20,9
1/30/2010,26,35,48,47,6,21
2/3/2010,37,52,22,36,17,24
2/6/2010,22,54,52,14,59,4
2/10/2010,29,8,37,38,5,34
2/13/2010,14,10,40,51,30,1
2/17/2010,36,7,26,8,19,15
2/20/2010,13,54,41,37,27,32
2/24/2010,50,17,57,35,4,12
2/27/2010,47,18,58,53,51,30
3/3/2010,14,49,9,7,45,23
3/6/2010,41,33,10,59,29,15
3/10/2010,41,37,17,50,21,1
3/13/2010,16,36,20,6,31,8
3/17/2010,55,26,48,45,24,8
3/20/2010,9,36,44,45,39,9
3/24/2010,14,49,39,24,20,7
3/27/2010,21,7,32,52,44,10
3/31/2010,13,45,54,5,17,12
4/3/2010,15,59,52,10,31,4
4/7/2010,36,52,44,4,40,33
4/10/2010,21,22,52,49,58,34
4/14/2010,14,6,32,52,38,20
4/17/2010,22,41,49,21,5,15
4/21/2010,11,34,55,41,49,20
4/24/2010,57,56,1,53,12,5
4/28/2010,28,44,12,22,25,24
5/1/2010,23,25,16,49,58,20
5/5/2010,47,13,34,40,57,11
5/8/2010,41,5,57,34,22,31
5/12/2010,52,58,53,37,51,38
5/15/2010,28,15,36,23,21,20
5/19/2010,7,58,55,29,2,27
5/22/2010,20,19,47,57,40,29
5/26/2010,6,20,10,1,13,32
5/29/2010,24,3,28,1,41,10
6/2/2010,39,14,43,9,4,38
6/5/2010,18,34,40,59,48,25
6/9/2010,22,49,27,14,32,5
6/12/2010,38,13,12,9,35,30
6/16/2010,29,18,11,36,8,6
6/19/2010,54,31,9,30,50,39
6/23/2010,48,11,45,30,47,10
6/26/2010,57,30,13,38,32,25
6/30/2010,38,43,6,48,47,27
7/3/2010,52,53,3,14,10,3
7/7/2010,10,41,44,56,48,4
7/10/2010,28,21,20,56,27,4
7/14/2010,21,23,38,20,42,6
7/17/2010,27,37,22,45,35,3
7/21/2010,16,58,22,30,51,25
7/24/2010,59,30,46,38,20,27
7/28/2010,1,11,20,27,25,2
7/31/2010,1,57,16,41,17,15
8/4/2010,53,30,19,37,28,36
8/7/2010,52,26,31,22,4,30
8/11/2010,22,52,10,23,7,29
8/14/2010,58,50,36,9,33,31
8/18/2010,47,4,33,32,55,39
8/21/2010,7,22,10,27,12,26
8/25/2010,17,36,29,16,31,23
8/28/2010,32,56,4,27,22,13
9/1/2010,40,20,21,17,51,19
9/4/2010,33,22,42,14,11,38
9/8/2010,10,57,51,35,39,20
9/11/2010,36,20,59,17,7,33
9/15/2010,7,20,21,34,43,34
9/18/2010,18,44,1,39,37,13
9/22/2010,10,36,52,24,55,15
9/25/2010,8,35,27,16,42,30
9/29/2010,52,13,55,44,51,30
10/2/2010,30,12,36,20,47,25
10/6/2010,26,41,14,37,46,24
10/9/2010,42,32,49,6,2,35
10/13/2010,46,34,32,22,12,2
10/16/2010,28,16,12,11,15,11
10/20/2010,20,39,7,17,59,17
10/23/2010,20,2,46,7,16,34
10/27/2010,25,24,20,59,53,15
10/30/2010,49,7,27,1,36,39
11/3/2010,34,45,38,39,50,33
11/6/2010,7,12,23,34,38,33
11/10/2010,5,8,44,40,11,10
11/13/2010,30,51,17,48,54,29
11/17/2010,14,59,54,53,16,5
11/20/2010,12,10,38,53,57,1
11/24/2010,20,8,21,37,32,4
11/27/2010,47,37,30,54,10,39
12/1/2010,10,5,12,11,20,2
12/4/2010,27,24,42,31,13,22
12/8/2010,25,8,11,58,41,16
12/11/2010,1,8,19,10,20,23
12/15/2010,32,18,45,10,11,18
12/18/2010,43,19,4,11,33,14
12/22/2010,33,11,44,47,46,12
12/25/2010,52,50,1,38,17,24
12/29/2010,18,37,20,16,3,30
1/1/2011,37,47,18,22,54,36
1/5/2011,40,22,32,26,38,7
1/8/2011,7,52,6,33,26,24
1/12/2011,48,23,40,21,19,27
1/15/2011,22,13,9,37,23,31
1/19/2011,36,51,56,22,59,32
1/22/2011,34,30,51,31,45,23
1/26/2011,4,47,58,5,36,6
1/29/2011,28,45,24,52,49,2
2/2/2011,33,57,53,3,14,36
2/5/2011,15,41,59,37,56,5
2/9/2011,51,39,42,11,7,30
2/12/2011,32,52,36,48,11,19
2/16/2011,23,48,21,9,13,24
2/19/2011,12,34,3,42,37,36
2/23/2011,32,36,39,29,49,29
2/26/2011,4,45,21,17,13,10
3/2/2011,50,58,7,31,51,6
3/5/2011,42,31,23,48,2,21
3/9/2011,12,20,28,40,48,8
3/12/2011,4,41,1,12,47,3
3/16/2011,53,28,48,39,40,9
3/19/2011,11,20,46,27,3,8
3/23/2011,15,28,5,26,32,9
3/26/2011,10,4,11,33,19,27
3/30/2011,58,56,20,19,42,37
4/2/2011,43,22,34,6,45,23
4/6/2011,56,18,55,10,41,15
4/9/2011,53,5,56,14,32,11
4/13/2011,4,49,39,50,23,39
4/16/2011,21,55,33,45,44,7
4/20/2011,9,24,43,34,36,27
4/23/2011,58,11,3,48,47,19
4/27/2011,40,44,55,24,4,5
4/30/2011,41,15,6,13,32,3
5/4/2011,15,41,29,27,3,24
5/7/2011,11,55,47,2,27,15
5/11/2011,43,32,9,45,17,31
5/14/2011,40,18,17,8,44,16
5/18/2011,7,12,42,49,13,16
5/21/2011,8,49,2,40,50,36
5/25/2011,50,4,31,42,23,23
5/28/2011,43,12,20,51,55,11
6/1/2011,56,38,46,8,18,31
6/4/2011,17,58,39,19,41,21
6/8/2011,53,37,14,44,45,29
6/11/2011,50,16,18,36,27,8
6/15/2011,41,43,20,19,38,29
6/18/2011,22,38,21,12,41,18
6/22/2011,59,12,46,19,15,12
6/25/2011,18,39,57,36,41,12
6/29/2011,30,24,57,59,45,26
7/2/2011,11,29,1,51,18,32
7/6/2011,55,50,24,11,15,8
7/9/2011,31,9,23,1,11,6
7/13/2011,54,18,8,19,32,8
7/16/2011,28,48,54,24,50,25
7/20/2011,40,42,38,1,4,17
7/23/2011,38,1,48,27,7,30
7/27/2011,40,51,59,41,38,33
7/30/2011,55,20,40,47,41,19
8/3/2011,49,19,13,28,21,11
8/6/2011,57,59,54,25,30,6
8/10/2011,46,41,36,18,11,38
8/13/2011,35,9,50,12,58,4
8/17/2011,31,28,48,18,52,37
8/20/2011,23,2,47,28,17,36
8/24/2011,49,53,13,9,47,39
8/27/2011,2,54,12,58,25,14
8/31/2011,19,35,57,47,13,29
9/3/2011,15,52,25,53,54,2
9/7/2011,54,3,5,27,18,13
9/10/2011,32,53,22,4,19,24
9/14/2011,16,50,42,59,41,5
9/17/2011,43,22,6,20,32,11
9/21/2011,47,52,55,48,12,13
9/24/2011,27,12,3,4,44,26
9/28/2011,41,51,30,50,53,8
10/1/2011,27,43,12,23,1,31
10/5/2011,46,7,43,54,20,17
10/8/2011,35,3,37,27,45,31
10/12/2011,43,10,12,23,47,18
10/15/2011,38,24,5,10,43,1
10/19/2011,26,35,16,52,58,2
10/22/2011,8,3,23,30,58,13
10/26/2011,39,21,1,18,55,6
10/29/2011,11,40,16,51,56,38
11/2/2011,12,39,14,46,34,36
11/5/2011,43,39,2,33,40,26
11/9/2011,58,59,35,5,57,12
11/12/2011,56,4,35,51,36,8
11/16/2011,22,25,39,13,51,28
11/19/2011,16,9,17,28,30,11
11/23/2011,30,35,57,4,59,25
11/26/2011,55,20,37,45,39,28
11/30/2011,47,6,2,34,35,22
12/3/2011,18,5,33,43,45,8
12/7/2011,39,20,14,40,3,37
12/10/2011,33,41,4,19,59,9
12/14/2011,46,52,24,56,2,19
12/17/2011,59,28,51,13,49,33
12/21/2011,31,15,13,54,10,18
12/24/2011,52,51,16,14,30,19
12/28/2011,16,27,45,41,21,14
12/31/2011,5,25,40,23,28,34
1/4/2012,50,35,21,47,46,2
1/7/2012,3,24,38,21,39,24
1/11/2012,47,5,29,45,19,25
1/14/2012,41,30,10,36,38,1
1/18/2012,50,34,29,6,44,28
1/21/2012,44,12,43,24,45,7
1/25/2012,28,19,29,47,4,5
1/28/2012,41,54,59,33,5,13
2/1/2012,8,13,59,17,34,35
2/4/2012,23,56,43,45,15,7
2/8/2012,38,51,17,28,39,33
2/11/2012,37,52,10,1,57,11
2/15/2012,12,11,32,56,52,11
2/18/2012,23,50,28,59,56,5
2/22/2012,17,39,16,7,51,32
2/25/2012,54,11,6,42,53,7
2/29/2012,26,1,11,4,23,14
3/3/2012,47,30,29,49,45,35
3/7/2012,45,35,47,46,12,12
3/10/2012,5,41,20,14,17,5
3/14/2012,1,8,59,46,41,24
3/17/2012,11,55,58,14,49,30
3/21/2012,32,43,53,55,56,6
3/24/2012,15,37,35,1,47,8
3/28/2012,50,58,16,29,11,33
3/31/2012,14,5,58,54,36,27
4/4/2012,33,24,49,45,1,6
4/7/2012,13,30,5,20,17,18
4/11/2012,44,42,16,47,23,2
4/14/2012,15,16,19,14,24,2
4/18/2012,22,39,49,46,20,29
4/21/2012,8,42,51,20,6,16
4/25/2012,29,43,25,4,34,29
4/28/2012,57,40,58,31,39,33
5/2/2012,7,33,50,38,8,29
5/5/2012,12,59,44,20,9,23
5/9/2012,56,7,1,11,55,1
5/12/2012,35,24,58,53,10,22
5/16/2012,21,43,28,3,7,2
5/19/2012,46,13,8,51,35,30
5/23/2012,59,7,53,26,4,32
5/26/2012,49,59,13,41,14,14
5/30/2012,10,56,9,24,52,14
6/2/2012,17,45,10,29,9,33
6/6/2012,59,48,19,33,30,27
6/9/2012,56,45,57,22,18,27
6/13/2012,14,57,33,10,7,18
6/16/2012,14,16,27,15,8,26
6/20/2012,17,11,29,56,57,14
6/23/2012,44,1,53,3,41,30
6/27/2012,58,34,6,46,40,6
6/30/2012,20,7,15,41,44,22
7/4/2012,35,19,14,39,56,33
7/7/2012,5,3,29,59,39,29
7/11/2012,5,36,49,55,22,23
7/14/2012,4,46,16,37,32,13
7/18/2012,5,2,57,23,20,3
7/21/2012,9,54,38,56,31,20
7/25/2012,14,3,46,38,35,16
7/28/2012,6,50,5,36,13,13
8/1/2012,58,3,56,48,16,4
8/4/2012,55,30,53,48,19,18
8/8/2012,7,15,3,11,28,12
8/11/2012,51,13,46,39,4,1
8/15/2012,56,27,46,6,51,21
8/18/2012,55,41,26,14,59,1
8/22/2012,47,31,22,29,55,19
8/25/2012,7,20,6,1,49,23
8/29/2012,49,54,28,25,56,28
9/1/2012,8,44,21,11,49,22
9/5/2012,42,4,26,51,19,29
9/8/2012,34,44,20,48,6,29
9/12/2012,48,56,24,36,33,6
9/15/2012,43,26,3,20,48,1
9/19/2012,50,1,8,39,5,23
9/22/2012,40,42,18,16,2,33
9/26/2012,41,26,42,13,39,10
9/29/2012,57,14,29,18,28,8
10/3/2012,55,23,17,59,36,10
10/6/2012,36,59,26,15,34,35
10/10/2012,35,18,43,29,26,28
10/13/2012,5,2,26,25,49,18
10/17/2012,42,23,10,7,1,35
10/20/2012,4,28,31,44,21,10
10/24/2012,18,50,23,3,21,4
10/27/2012,34,56,36,32,22,33
10/31/2012,45,31,1,48,27,5
11/3/2012,54,4,7,9,30,25
11/7/2012,32,45,34,52,58,20
11/10/2012,55,32,50,54,42,32
11/14/2012,44,10,58,8,30,13
11/17/2012,15,59,27,58,3,20
11/21/2012,24,30,8,18,39,26
11/24/2012,22,32,37,44,50,34
11/28/2012,5,23,16,22,29,6
12/1/2012,46,10,3,19,36,3
12/5/2012,27,19,38,13,17,12
12/8/2012,23,40,53,26,7,21
12/12/2012,36,25,44,8,10,28
12/15/2012,40,23,44,55,15,14
12/19/2012,23,20,5,30,8,3
12/22/2012,18,44,35,39,1,11
12/26/2012,54,43,13,11,23,4
12/29/2012,55,52,46,50,36,14
1/2/2013,20,18,53,28,35,20
1/5/2013,30,49,54,26,51,25
1/9/2013,11,20,13,27,59,26
1/12/2013,47,21,23,14,10,7
1/16/2013,51,21,32,28,9,35
1/19/2013,29,8,28,34,38,35
1/23/2013,24,43,11,12,45,9
1/26/2013,22,49,41,26,3,18
1/30/2013,47,16,14,32,52,16
2/2/2013,41,33,16,40,11,34
2/6/2013,36,38,5,27,41,12
2/9/2013,58,36,16,6,5,3
2/13/2013,12,43,27,25,23,29
2/16/2013,58,16,15,46,50,29
2/20/2013,25,3,32,17,19,17
2/23/2013,41,31,39,2,5,29
2/27/2013,48,20,14,34,3,21
3/2/2013,56,13,8,41,3,16
3/6/2013,45,10,6,23,41,1
3/9/2013,46,52,37,10,40,12
3/13/2013,38,9,32,28,5,29
3/16/2013,44,53,7,21,3,16
3/20/2013,43,17,14,13,54,15
3/23/2013,29,53,52,17,31,31
3/27/2013,43,48,7,37,52,16
3/30/2013,23,46,11,26,55,27
4/3/2013,35,8,12,1,6,3
4/6/2013,39,29,4,8,7,24
4/10/2013,40,1,52,36,53,20
4/13/2013,10,57,31,12,56,33
4/17/2013,58,18,48,13,36,28
4/20/2013,6,39,8,30,48,20
4/24/2013,9,59,31,56,19,2
4/27/2013,55,54,48,23,3,5
5/1/2013,31,22,55,26,54,18
5/4/2013,26,36,40,7,12,17
5/8/2013,21,57,26,22,30,27
5/11/2013,6,23,19,43,13,16
5/15/2013,2,34,11,41,26,32
5/18/2013,22,10,13,14,52,11
5/22/2013,31,35,41,9,57,26
5/25/2013,27,21,19,6,2,25
5/29/2013,49,14,9,17,57,2
6/1/2013,33,53,59,22,28,14
6/5/2013,4,36,26,33,55,32
6/8/2013,2,26,11,32,22,19
6/12/2013,22,16,42,23,55,32
6/15/2013,48,55,28,40,36,1
6/19/2013,57,47,46,52,7,17
6/22/2013,33,57,19,23,13,28
6/26/2013,1,46,39,33,18,33
6/29/2013,28,8,56,53,30,16
7/3/2013,40,6,51,29,3,4
7/6/2013,52,2,36,35,13,11
7/10/2013,55,45,31,30,59,27
7/13/2013,8,37,2,35,22,6
7/17/2013,22,1,42,38,34,17
7/20/2013,14,27,58,25,38,6
7/24/2013,44,29,54,40,9,7
7/27/2013,58,53,40,23,9,6
7/31/2013,8,24,59,39,49,5
8/3/2013,24,36,21,45,42,15
8/7/2013,58,5,25,59,30,32
8/10/2013,37,58,14,4,12,13
8/14/2013,17,43,11,4,51,20
8/17/2013,18,54,56,21,46,23
8/21/2013,30,48,42,46,40,23
8/24/2013,45,17,59,12,25,19
8/28/2013,32,19,7,9,6,13
8/31/2013,40,25,7,56,2,20
9/4/2013,2,45,26,9,47,11
9/7/2013,2,22,19,45,26,24
9/11/2013,19,33,42,52,11,33
9/14/2013,1,25,44,17,37,20
9/18/2013,7,10,35,32,22,19
9/21/2013,58,54,45,17,12,13
9/25/2013,49,7,17,53,2,23
9/28/2013,47,53,14,52,54,5
10/2/2013,6,51,42,4,25,17
10/5/2013,11,39,40,17,12,5
10/9/2013,9,38,3,33,19,18
10/12/2013,10,58,26,57,8,4
10/16/2013,3,42,26,34,28,28
10/19/2013,33,9,56,54,57,5
10/23/2013,47,34,23,31,3,13
10/26/2013,56,6,4,34,49,29
10/30/2013,54,2,49,36,40,10
11/2/2013,27,40,13,23,24,17
11/6/2013,49,1,5,10,15,22
11/9/2013,37,56,3,49,9,32
11/13/2013,31,5,55,50,56,9
11/16/2013,29,37,59,10,44,10
11/20/2013,32,4,45,23,18,7
11/23/2013,12,52,55,43,5,10
11/27/2013,57,25,18,55,50,17
11/30/2013,26,5,45,44,57,29
12/4/2013,9,6,11,44,31,25
12/7/2013,45,13,48,32,20,17
12/11/2013,10,18,19,1,13,27
12/14/2013,33,41,25,14,32,34
12/18/2013,39,7,40,24,37,1
12/21/2013,36,51,45,25,40,8
12/25/2013,38,56,28,39,23,32
12/28/2013,56,51,35,44,8,18
1/1/2014,52,48,15,24,40,23
1/4/2014,19,58,37,20,41,14
1/8/2014,39,28,58,47,10,22
1/11/2014,54,15,48,33,10,34
1/15/2014,29,8,9,7,24,25
1/18/2014,38,14,13,19,31,25
1/22/2014,55,2,7,1,9,29
1/25/2014,57,8,55,12,18,2
1/29/2014,47,23,11,28,32,20
2/1/2014,12,15,38,5,27,7
2/5/2014,8,57,17,59,32,24
2/8/2014,54,37,34,25,24,29
2/12/2014,52,49,36,57,44,1
2/15/2014,9,23,2,14,21,3
2/19/2014,17,49,54,35,1,34
2/22/2014,13,2,54,14,3,4
2/26/2014,42,11,12,38,17,2
3/1/2014,3,8,25,47,30,13
3/5/2014,26,3,9,7,54,19
3/8/2014,14,24,32,41,10,30
3/12/2014,28,54,14,15,37,10
3/15/2014,34,5,51,2,58,9
3/19/2014,34,23,43,19,2,14
3/22/2014,55,13,28,58,31,15
3/26/2014,33,41,59,44,28,21
3/29/2014,3,12,27,38,2,17
4/2/2014,19,22,13,53,8,24
4/5/2014,26,11,21,34,33,29
4/9/2014,49,14,48,9,44,29
4/12/2014,26,45,14,55,54,20
4/16/2014,42,34,59,39,44,8
4/19/2014,35,6,51,5,29,21
4/23/2014,29,48,36,19,25,12
4/26/2014,30,3,22,7,33,20
4/30/2014,9,2,19,50,11,32
5/3/2014,15,5,46,49,16,26
5/7/2014,48,31,17,49,29,34
5/10/2014,41,47,55,31,4,1
5/14/2014,55,7,52,33,39,33
5/17/2014,32,23,47,39,49,22
5/21/2014,20,34,58,4,39,31
5/24/2014,55,15,49,16,28,18
5/28/2014,24,2,28,32,59,25
5/31/2014,34,15,48,27,31,1
6/4/2014,22,7,1,10,49,24
6/7/2014,58,30,35,28,59,15
6/11/2014,14,25,33,18,49,23
6/14/2014,33,54,42,9,45,30
6/18/2014,6,52,59,29,9,7
6/21/2014,41,6,54,5,37,26
6/25/2014,50,53,10,20,25,35
6/28/2014,56,8,12,43,34,9
7/2/2014,58,18,53,8,45,35
7/5/2014,34,58,24,36,57,11
7/9/2014,9,55,42,25,57,14
7/12/2014,23,7,2,3,51,26
7/16/2014,5,32,26,18,15,35
7/19/2014,10,53,17,25,45,9
7/23/2014,22,12,4,31,10,3
7/26/2014,38,39,28,24,30,16
7/30/2014,49,13,30,53,42,29
8/2/2014,12,46,44,47,26,29
8/6/2014,49,1,8,24,28,24
8/9/2014,34,12,31,51,3,24
8/13/2014,37,8,40,52,39,24
8/16/2014,7,8,17,59,48,9
8/20/2014,21,40,8,38,4,3
8/23/2014,52,28,36,32,35,31
8/27/2014,24,17,45,46,26,19
8/30/2014,5,52,28,59,31,27
9/3/2014,43,2,51,45,16,35
9/6/2014,29,43,31,50,9,18
9/10/2014,14,39,2,40,43,13
9/13/2014,37,6,1,53,16,27
9/17/2014,36,18,25,50,48,23
9/20/2014,23,22,30,39,37,16
9/24/2014,7,14,24,41,21,26
9/27/2014,54,11,52,35,2,13
10/1/2014,20,1,45,18,4,7
10/4/2014,13,33,18,24,25,31
10/8/2014,46,50,16,31,5,18
10/11/2014,37,39,38,19,10,28
10/15/2014,5,7,28,27,19,20
10/18/2014,36,20,54,27,26,19
10/22/2014,40,42,30,29,50,16
10/25/2014,54,57,51,6,10,12
10/29/2014,48,28,59,25,57,16
11/1/2014,1,38,25,13,3,17
11/5/2014,19,2,11,21,42,34
11/8/2014,9,33,19,38,54,15
11/12/2014,55,37,39,52,51,11
11/15/2014,35,16,33,51,13,28
11/19/2014,38,6,36,48,51,17
11/22/2014,54,53,23,57,49,35
11/26/2014,46,17,22,16,54,35
11/29/2014,13,30,24,42,48,27
12/3/2014,54,30,32,46,25,26
12/6/2014,43,22,49,15,12,14
12/10/2014,48,34,55,44,54,10
12/13/2014,5,13,43,55,28,33
12/17/2014,47,31,48,38,22,15
12/20/2014,19,15,56,31,14,5
12/24/2014,46,11,12,47,50,22
12/27/2014,36,14,10,11,7,15
12/31/2014,40,27,17,53,37,35
1/3/2015,4,43,46,55,18,25
1/7/2015,47,49,59,15,14,10
1/10/2015,19,9,29,2,28,19
1/14/2015,10,4,53,2,41,22
1/17/2015,15,27,23,36,16,9
1/21/2015,57,12,28,15,11,23
1/24/2015,19,16,20,33,29,10
1/28/2015,49,24,12,36,35,1
1/31/2015,16,5,50,11,26,34
2/4/2015,51,52,36,24,56,22
2/7/2015,34,58,5,21,10,33
2/11/2015,25,11,54,13,39,19
2/14/2015,44,45,1,24,51,28
2/18/2015,29,1,49,9,32,22
2/21/2015,18,51,14,34,10,26
2/25/2015,39,17,21,32,19,8
2/28/2015,25,28,11,17,46,12
3/4/2015,8,35,15,12,50,32
3/7/2015,50,42,36,38,34,33
3/11/2015,24,44,31,11,40,27
3/14/2015,46,47,8,14,39,18
3/18/2015,30,47,33,25,14,8
3/21/2015,30,38,16,11,42,7
3/25/2015,54,23,19,7,50,14
3/28/2015,38,2,12,4,6,17
4/1/2015,44,39,30,33,2,1
4/4/2015,41,33,39,54,40,28
4/8/2015,1,19,45,58,46,29
4/11/2015,58,1,32,42,12,12
4/15/2015,1,21,29,16,40,30
4/18/2015,31,22,13,23,29,17
4/22/2015,25,10,14,39,53,18
4/25/2015,45,21,35,33,38,12
4/29/2015,26,1,38,34,51,6
5/2/2015,2,31,6,11,30,33
5/6/2015,24,41,39,23,27,30
5/9/2015,58,4,17,35,15,17
5/13/2015,31,29,1,47,25,7
5/16/2015,48,24,38,52,29,32
5/20/2015,12,1,44,28,35,25
5/23/2015,31,9,43,17,15,16
5/27/2015,8,15,59,34,53,23
5/30/2015,57,25,8,56,9,22
6/3/2015,6,40,37,13,8,11
6/6/2015,18,43,13,8,27,15
6/10/2015,49,32,31,53,48,25
6/13/2015,41,29,52,54,48,29
6/17/2015,22,20,21,54,41,7
6/20/2015,20,16,10,57,9,15
6/24/2015,5,10,3,22,32,7
6/27/2015,35,18,46,49,28,27
7/1/2015,24,41,31,26,7,25
7/4/2015,24,18,6,3,14,21
7/8/2015,30,27,25,15,4,18
7/11/2015,46,39,52,11,54,3
7/15/2015,45,34,13,50,16,11
7/18/2015,39,6,37,45,55,33
7/22/2015,31,12,57,44,43,11
7/25/2015,27,44,41,29,34,2
7/29/2015,4,52,22,27,28,35
8/1/2015,13,7,49,24,57,15
8/5/2015,42,14,9,16,11,19
8/8/2015,34,48,54,52,9,15
8/12/2015,29,38,8,13,52,28
8/15/2015,3,17,13,52,42,24
8/19/2015,6,43,48,50,8,7
8/22/2015,12,14,21,4,55,7
8/26/2015,22,56,2,45,32,12
8/29/2015,25,18,29,21,28,16
9/2/2015,17,46,22,30,56,16
9/5/2015,29,10,18,16,45,19
9/9/2015,50,44,45,51,47,8
9/12/2015,35,3,16,2,13,27
9/16/2015,7,5,39,24,31,7
9/19/2015,12,43,17,26,48,24
9/23/2015,8,29,51,58,41,5
9/26/2015,23,57,42,31,50,5
9/30/2015,40,59,21,39,55,17
10/3/2015,33,6,46,44,26,4
10/7/2015,52,40,48,18,30,9
10/10/2015,27,68,12,43,29,1
10/14/2015,20,15,31,40,29,1
10/17/2015,57,62,69,49,48,19
10/21/2015,57,32,30,42,56,11
10/24/2015,20,31,56,64,60,2
10/28/2015,56,62,54,63,4,10
10/31/2015,9,47,20,25,68,7
11/4/2015,12,2,17,20,65,17
11/7/2015,50,53,7,16,25,15
11/11/2015,26,4,32,55,64,18
11/14/2015,66,37,22,14,45,5
11/18/2015,40,17,46,69,41,6
11/21/2015,37,57,47,50,52,21
11/25/2015,53,16,69,58,29,21
11/28/2015,47,2,66,67,6,2
12/2/2015,14,18,19,64,32,9
12/5/2015,47,33,68,27,13,13
12/9/2015,16,46,10,56,7,1
12/12/2015,62,2,30,19,14,22
12/16/2015,9,42,10,55,32,6
12/19/2015,30,68,59,41,28,10
12/23/2015,67,16,63,38,55,25
12/26/2015,65,40,44,59,27,20
12/30/2015,12,61,54,38,36,22
1/2/2016,42,15,6,5,29,10
1/6/2016,47,2,63,62,11,17
1/9/2016,32,16,19,57,34,13
1/13/2016,8,27,34,4,19,10
1/16/2016,61,52,51,64,3,6
1/20/2016,44,5,39,69,47,24
1/23/2016,32,22,40,69,34,19
1/27/2016,40,52,3,67,12,21
1/30/2016,16,5,12,31,43,18
2/3/2016,26,60,67,31,28,23
2/6/2016,13,4,36,31,52,8
2/10/2016,2,62,40,50,3,5
2/13/2016,7,15,36,18,19,20
2/17/2016,29,27,7,40,17,25
2/20/2016,54,12,11,16,15,25
2/24/2016,67,21,65,31,64,5
2/27/2016,22,11,53,21,10,18
3/2/2016,62,52,13,12,44,6
3/5/2016,3,34,27,59,69,19
3/9/2016,32,34,14,23,68,3
3/12/2016,28,11,50,57,62,23
3/16/2016,46,50,12,13,10,21
3/19/2016,11,60,23,54,43,3
3/23/2016,22,15,49,5,8,25
3/26/2016,23,42,68,52,11,6
3/30/2016,55,24,63,53,44,19
4/2/2016,9,61,28,40,30,3
4/6/2016,65,28,49,60,4,25
4/9/2016,14,23,41,61,22,9
4/13/2016,30,35,38,33,64,22
4/16/2016,32,3,25,51,18,3
4/20/2016,62,30,12,25,52,8
4/23/2016,46,62,59,35,19,13
4/27/2016,25,39,64,2,33,17
4/30/2016,32,16,3,34,12,14
5/4/2016,47,69,30,66,57,3
5/7/2016,25,66,44,5,26,9
5/11/2016,69,32,52,66,20,23
5/14/2016,64,27,65,13,47,9
5/18/2016,25,67,39,23,54,11
5/21/2016,9,32,5,7,23,26
5/25/2016,64,24,59,41,11,15
5/28/2016,6,34,33,59,58,12
6/1/2016,40,69,33,23,30,12
6/4/2016,20,16,43,64,22,17
6/8/2016,37,69,12,25,60,20
6/11/2016,36,58,27,41,20,7
6/15/2016,33,4,24,31,22,10
6/18/2016,53,2,23,63,41,11
6/22/2016,14,42,43,52,40,17
6/25/2016,36,3,56,69,27,25
6/29/2016,29,37,23,64,60,6
7/2/2016,63,39,59,34,10,4
7/6/2016,66,57,2,31,24,18
7/9/2016,32,28,10,64,61,12
7/13/2016,57,15,29,3,54,10
7/16/2016,11,50,40,17,62,26
7/20/2016,6,58,66,25,35,5
7/23/2016,39,5,35,7,23,11
7/27/2016,10,47,68,65,50,24
7/30/2016,32,21,17,23,11,5
8/3/2016,66,27,11,9,67,2
8/6/2016,52,33,47,36,20,12
8/10/2016,64,56,61,23,67,12
8/13/2016,44,38,64,69,60,6
8/17/2016,44,49,33,50,52,8
8/20/2016,68,3,21,6,60,24
8/24/2016,25,11,9,65,64,16
8/27/2016,48,32,63,4,49,20
8/31/2016,10,56,24,61,5,12
9/3/2016,39,59,7,67,50,25
9/7/2016,23,55,33,22,29,21
9/10/2016,3,17,49,68,55,8
9/14/2016,10,31,23,28,11,14
9/17/2016,51,19,9,62,55,14
9/21/2016,63,67,1,69,28,17
9/24/2016,15,7,29,41,20,22
9/28/2016,30,53,62,38,52,1
10/1/2016,12,64,50,61,2,1
10/5/2016,60,29,18,27,8,15
10/8/2016,3,64,68,61,54,9
10/12/2016,34,44,30,16,37,16
10/15/2016,64,49,57,23,67,20
10/19/2016,43,63,16,38,10,23
10/22/2016,1,55,33,28,56,22
10/26/2016,48,56,2,16,3,24
10/29/2016,42,48,20,21,19,23
11/2/2016,18,54,61,13,37,5
11/5/2016,31,50,69,21,51,8
11/9/2016,28,31,54,25,1,2
11/12/2016,20,8,27,52,17,24
11/16/2016,28,61,63,41,65,7
11/19/2016,24,61,43,16,28,21
11/23/2016,7,61,41,47,32,3
11/26/2016,21,17,37,44,19,16
11/30/2016,3,45,25,14,18,7
12/3/2016,27,26,33,8,10,22
12/7/2016,49,64,48,41,53,20
12/10/2016,32,21,12,44,66,15
12/14/2016,39,18,66,37,26,15
12/17/2016,16,40,8,48,1,10
12/21/2016,25,68,40,54,33,3
12/24/2016,38,52,42,51,28,21
12/28/2016,30,23,44,58,16,4
12/31/2016,1,28,3,67,57,9
1/4/2017,17,16,42,41,29,4
1/7/2017,37,63,12,24,3,10
1/11/2017,1,16,13,43,3,24
1/14/2017,55,69,23,64,59,13
1/18/2017,41,9,58,40,53,12
1/21/2017,45,25,23,67,52,2
1/25/2017,18,62,66,68,28,22
1/28/2017,39,12,49,69,20,17
2/1/2017,9,60,64,43,57,10
2/4/2017,52,17,16,13,6,25
2/8/2017,49,20,42,14,66,5
2/11/2017,37,64,17,9,5,2
2/15/2017,33,5,42,38,28,19
2/18/2017,9,3,33,7,31,20
2/22/2017,52,10,61,28,13,2
2/25/2017,6,62,32,47,65,19
3/1/2017,16,10,52,40,55,17
3/4/2017,2,22,63,19,18,19
3/8/2017,42,23,59,46,33,4
3/11/2017,57,41,50,26,1,11
3/15/2017,30,16,41,48,53,16
3/18/2017,25,67,54,44,13,5
3/22/2017,2,29,9,27,42,9
3/25/2017,32,18,31,48,45,16
3/29/2017,8,62,31,36,15,11
4/1/2017,65,9,44,36,32,1
4/5/2017,53,20,54,46,8,13
4/8/2017,51,53,36,23,60,15
4/12/2017,68,63,14,8,61,24
4/15/2017,61,26,45,5,22,13
4/19/2017,1,19,52,40,37,15
4/22/2017,39,21,48,41,63,6
4/26/2017,18,1,51,15,26,26
4/29/2017,24,22,23,62,45,5
5/3/2017,18,49,66,17,59,9
5/6/2017,31,21,11,41,59,21
5/10/2017,62,31,56,46,29,8
5/13/2017,68,17,20,63,32,19
5/17/2017,39,4,48,45,11,9
5/20/2017,45,5,47,54,22,3
5/24/2017,38,28,33,32,62,15
5/27/2017,55,10,5,67,28,9
5/31/2017,60,39,33,4,46,6
6/3/2017,54,41,9,3,21,25
6/7/2017,66,57,5,69,21,13
6/10/2017,32,26,20,38,58,3
6/14/2017,63,22,5,43,57,24
6/17/2017,13,62,10,53,32,21
6/21/2017,65,14,46,68,61,13
6/24/2017,36,32,22,58,10,10
6/28/2017,46,37,29,53,68,8
7/1/2017,45,19,42,53,48,16
7/5/2017,54,9,68,4,16,21
7/8/2017,29,8,40,59,10,26
7/12/2017,18,23,2,61,1,9
7/15/2017,40,66,9,64,63,17
7/19/2017,63,51,59,61,50,4
7/22/2017,44,32,60,5,53,9
7/26/2017,19,42,21,7,69,12
7/29/2017,1,40,28,48,45,12
8/2/2017,16,1,54,63,69,18
8/5/2017,33,21,45,11,28,11
8/9/2017,12,30,47,62,36,9
8/12/2017,35,20,49,26,24,19
8/16/2017,64,43,60,9,15,4
8/19/2017,17,68,19,43,39,13
8/23/2017,7,26,16,23,6,4
8/26/2017,66,15,7,38,32,15
8/30/2017,43,19,69,28,67,7
9/2/2017,62,41,21,52,6,26
9/6/2017,32,14,8,58,67,17
9/9/2017,59,20,6,57,29,22
9/13/2017,24,63,35,57,17,19
9/16/2017,31,24,25,17,18,24
9/20/2017,68,48,67,39,53,26
9/23/2017,45,24,56,55,57,19
9/27/2017,21,25,10,23,8,22
9/30/2017,8,25,12,41,64,15
10/4/2017,23,63,62,66,22,24
10/7/2017,61,10,49,65,63,7
10/11/2017,1,69,19,3,13,23
10/14/2017,56,37,69,32,66,11
10/18/2017,69,54,49,30,66,8
10/21/2017,14,45,69,41,42,4
10/25/2017,57,54,29,22,18,8
10/28/2017,35,27,57,66,38,10
11/1/2017,26,3,19,6,44,1
11/4/2017,51,48,12,26,14,13
11/8/2017,12,21,14,34,20,22
11/11/2017,56,6,4,30,16,18
11/15/2017,48,32,44,50,23,25
11/18/2017,17,31,28,32,39,26
11/22/2017,61,51,37,46,35,13
11/25/2017,53,8,54,27,13,4
11/29/2017,59,28,26,24,63,16
12/2/2017,32,30,36,28,58,6
12/6/2017,50,19,55,62,20,9
12/9/2017,36,60,55,37,25,6
12/13/2017,2,28,51,58,24,7
12/16/2017,35,63,37,9,50,11
12/20/2017,20,61,64,1,69,20
12/23/2017,44,15,1,13,3,25
12/27/2017,16,60,3,56,9,3
12/30/2017,58,28,51,41,36,24
1/3/2018,42,39,18,2,37,12
1/6/2018,12,61,30,29,33,26
1/10/2018,7,24,50,49,33,4
1/13/2018,69,25,35,14,58,24
1/17/2018,33,51,3,37,57,21
1/20/2018,28,26,58,47,49,3
1/24/2018,11,9,5,33,64,21
1/27/2018,54,26,17,21,47,7
1/31/2018,7,4,14,59,46,22
2/3/2018,15,48,23,27,53,6
2/7/2018,40,35,34,47,23,10
2/10/2018,27,13,41,59,1,20
2/14/2018,44,46,37,39,69,26
2/17/2018,26,62,39,13,44,2
2/21/2018,7,36,31,15,34,8
2/24/2018,38,25,62,63,24,6
2/28/2018,69,12,65,59,30,16
3/3/2018,40,17,36,25,13,5
3/7/2018,36,6,19,13,51,18
3/10/2018,69,43,54,44,61,22
3/14/2018,12,24,6,41,68,9
3/17/2018,60,66,22,59,57,7
3/21/2018,29,4,61,3,18,25
3/24/2018,33,56,53,10,45,24
3/28/2018,53,8,52,6,26,21
3/31/2018,24,55,52,61,8,21
4/4/2018,42,64,54,8,24,24
4/7/2018,38,2,20,17,39,20
4/11/2018,67,18,16,55,27,18
4/14/2018,61,17,19,26,62,15
4/18/2018,12,17,10,9,23,9
4/21/2018,50,69,54,62,40,19
4/25/2018,18,17,39,64,56,12
4/28/2018,28,50,22,45,20,8
5/2/2018,40,5,31,50,14,6
5/5/2018,29,36,14,61,57,17
5/9/2018,50,69,16,38,11,19
5/12/2018,42,56,22,55,45,14
5/16/2018,17,22,21,19,51,19
5/19/2018,56,9,17,3,6,25
5/23/2018,20,54,61,56,64,7
5/26/2018,45,31,21,1,49,21
5/30/2018,46,23,26,17,68,20
6/2/2018,23,37,64,44,25,7
6/6/2018,53,28,41,23,56,14
6/9/2018,36,10,25,6,15,14
6/13/2018,13,38,45,20,55,1
6/16/2018,65,9,58,57,45,9
6/20/2018,14,56,27,4,23,13
6/23/2018,29,56,45,16,43,25
6/27/2018,63,28,62,7,37,15
6/30/2018,9,3,20,42,61,24
7/4/2018,7,41,15,4,44,10
7/7/2018,45,43,1,10,64,22
7/11/2018,21,19,47,27,46,7
7/14/2018,49,22,41,67,42,11
7/18/2018,28,36,10,1,27,12
7/21/2018,9,56,58,23,68,1
7/25/2018,64,44,18,2,41,26
7/28/2018,27,65,56,46,22,13
8/1/2018,5,38,22,58,32,26
8/4/2018,38,58,3,11,44,2
8/8/2018,21,63,30,43,10,17
8/11/2018,56,43,5,68,62,24
8/15/2018,28,15,12,47,48,16
8/18/2018,34,67,52,61,24,16
8/22/2018,45,1,47,69,7,13
8/25/2018,25,20,57,63,54,8
8/29/2018,53,25,41,67,57,12
9/1/2018,54,66,55,61,11,9
9/5/2018,59,60,6,50,15,13
9/8/2018,20,32,3,33,13,21
9/12/2018,28,48,63,6,64,24
9/15/2018,19,18,24,34,2,3
9/19/2018,50,4,51,48,39,11
9/22/2018,61,24,69,64,63,18
9/26/2018,7,1,30,50,2,8
9/29/2018,9,17,34,59,64,22
10/3/2018,63,66,53,59,41,3
10/6/2018,22,53,27,67,1,15
10/10/2018,27,60,42,23,8,7
10/13/2018,14,65,11,43,32,15
10/17/2018,3,64,69,68,57,15
10/20/2018,62,16,54,57,69,23
10/24/2018,56,53,45,21,3,22
10/27/2018,13,12,8,27,19,4
10/31/2018,40,39,47,7,25,20
11/3/2018,24,65,21,32,15,11
11/7/2018,50,28,34,42,26,25
11/10/2018,53,29,5,57,34,24
11/14/2018,49,62,42,7,69,23
11/17/2018,8,6,68,20,52,5
11/21/2018,14,23,38,7,55,18
11/24/2018,56,33,58,51,11,18
11/28/2018,4,68,59,69,19,21
12/1/2018,10,58,47,11,55,26
12/5/2018,36,38,9,11,37,11
12/8/2018,61,14,34,32,46,10
12/12/2018,9,64,29,21,4,26
12/15/2018,8,38,55,52,43,17
12/19/2018,43,31,29,37,15,16
12/22/2018,40,59,28,21,30,26
12/26/2018,52,38,25,67,5,24
12/29/2018,51,53,42,62,12,25
1/2/2019,56,46,42,12,8,12
1/5/2019,15,27,69,7,3,19
1/9/2019,19,59,37,6,49,22
1/12/2019,57,58,7,36,48,24
1/16/2019,14,61,29,31,56,1
1/19/2019,5,65,8,66,41,20
1/23/2019,50,25,48,23,47,24
1/26/2019,12,8,21,32,20,10
1/30/2019,16,2,12,29,54,6
2/2/2019,10,43,17,18,65,13
2/6/2019,13,28,5,63,38,21
2/9/2019,7,39,2,3,1,25
2/13/2019,2,24,8,69,14,26
2/16/2019,48,30,41,64,29,1
2/20/2019,50,52,49,51,27,2
2/23/2019,32,4,20,6,14,13
2/27/2019,49,31,59,42,21,23
3/2/2019,27,68,25,19,1,21
3/6/2019,21,35,10,6,46,23
3/9/2019,45,5,59,55,6,14
3/13/2019,69,36,45,47,18,14
3/16/2019,67,30,34,39,53,11
3/20/2019,10,53,50,63,14,21
3/23/2019,66,52,60,24,25,5
3/27/2019,44,62,20,37,16,12
3/30/2019,54,52,21,64,68,4
4/3/2019,25,16,32,49,19,18
4/6/2019,33,43,60,59,15,8
4/10/2019,39,12,21,23,67,6
4/13/2019,17,26,32,4,49,10
4/17/2019,15,46,66,17,1,15
4/20/2019,3,63,27,65,30,1
4/24/2019,35,65,32,36,6,4
4/27/2019,45,29,62,41,2,6
5/1/2019,66,28,23,56,5,17
5/4/2019,30,6,23,16,61,2
5/8/2019,66,64,45,53,1,3
5/11/2019,40,9,8,6,37,26
5/15/2019,33,68,61,17,7,4
5/18/2019,2,10,66,67,25,26
5/22/2019,7,44,57,10,20,3
5/25/2019,43,39,2,66,1,2
5/29/2019,61,3,42,32,34,7
6/1/2019,34,45,6,52,15,8
6/5/2019,38,17,28,34,23,8
6/8/2019,13,9,48,42,60,18
6/12/2019,42,57,35,38,5,13
6/15/2019,8,11,49,16,14,14
6/19/2019,26,38,21,4,18,1
6/22/2019,66,14,3,6,11,21
6/26/2019,54,22,16,1,5,24
6/29/2019,59,13,24,62,17,8
7/3/2019,50,45,43,40,61,25
7/6/2019,4,8,46,23,65,1
7/10/2019,7,68,9,26,44,3
7/13/2019,32,35,13,23,68,21
7/17/2019,19,47,68,60,43,10
7/20/2019,5,64,36,26,69,19
7/24/2019,29,53,56,35,22,13
7/27/2019,61,19,1,48,31,6
7/31/2019,14,37,67,47,55,6
8/3/2019,45,68,3,6,66,13
8/7/2019,47,8,59,32,53,3
8/10/2019,41,59,58,44,35,3
8/14/2019,51,69,30,10,13,10
8/17/2019,24,30,18,21,60,20
8/21/2019,22,32,21,12,29,21
8/24/2019,47,20,12,21,5,1
8/28/2019,32,9,41,56,37,14
8/31/2019,41,50,14,56,57,18
9/4/2019,52,30,8,4,59,2
9/7/2019,41,56,20,11,42,6
9/11/2019,53,24,57,6,17,3
9/14/2019,31,11,27,36,67,11
9/18/2019,14,19,47,51,39,15
9/21/2019,1,68,36,22,9,22
9/25/2019,44,43,37,45,53,25
9/28/2019,51,55,34,15,23,4
10/2/2019,43,53,8,10,4,7
10/5/2019,6,51,36,54,14,4
10/9/2019,5,43,65,18,33,2
10/12/2019,12,34,53,65,29,23
10/16/2019,67,1,25,5,63,3
10/19/2019,65,27,59,14,29,12
10/23/2019,61,50,12,5,69,23
10/26/2019,3,54,20,59,48,4
10/30/2019,56,67,52,19,22,21
11/2/2019,23,37,32,58,3,22
11/6/2019,64,46,28,62,15,17
11/9/2019,14,38,60,35,17,25
11/13/2019,23,28,66,27,26,11
11/16/2019,26,55,63,14,22,26
11/20/2019,40,15,39,57,7,12
11/23/2019,38,28,66,35,61,23
11/27/2019,26,55,37,53,15,21
11/30/2019,42,35,15,63,68,18
12/4/2019,8,44,61,51,27,14
12/7/2019,66,53,18,42,62,25
12/11/2019,24,42,29,44,63,10
12/14/2019,6,32,3,12,64,19
12/18/2019,39,26,68,18,14,9
12/21/2019,50,35,67,19,31,14
12/25/2019,4,16,2,30,46,20
12/28/2019,59,23,39,20,60,18
1/1/2020,49,53,57,59,62,26
1/4/2020,54,1,25,21,11,7
1/8/2020,7,43,56,4,2,22
1/11/2020,23,59,31,3,21,3
1/15/2020,39,55,53,41,68,19
1/18/2020,24,68,20,38,56,18
1/22/2020,33,59,44,67,11,8
1/25/2020,36,17,2,67,9,18
1/29/2020,12,60,9,15,31,2
2/1/2020,33,60,54,57,12,13
2/5/2020,57,41,35,30,23,2
2/8/2020,59,66,35,50,49,6
2/12/2020,55,68,47,54,14,25
2/15/2020,32,16,36,46,35,3
2/19/2020,15,10,12,56,19,19
2/22/2020,61,62,37,39,25,11
2/26/2020,27,29,36,47,8,24
2/29/2020,24,50,46,44,51,13
3/4/2020,68,60,18,43,58,14
3/7/2020,15,62,7,21,33,23
3/11/2020,29,50,67,4,49,2
3/14/2020,26,32,9,23,30,8
3/18/2020,27,15,59,44,63,8
3/21/2020,69,23,2,59,40,13
3/25/2020,42,9,5,27,39,16
3/28/2020,40,7,55,66,48,11
4/1/2020,60,45,48,33,35,16
4/4/2020,40,43,31,8,39,4
4/8/2020,48,54,39,2,37,5
4/11/2020,29,47,30,22,42,17
4/15/2020,10,33,41,12,36,2
4/18/2020,46,63,56,4,44,19
4/22/2020,1,40,69,33,35,24
4/25/2020,1,21,3,57,47,18
4/29/2020,49,61,67,2,20,20
5/2/2020,58,33,13,68,16,24
5/6/2020,65,8,7,50,35,20
5/9/2020,42,12,65,48,18,19
5/13/2020,57,54,53,56,39,20
5/16/2020,8,12,26,42,39,11
5/20/2020,42,40,50,18,34,9
5/23/2020,2,23,8,18,21,16
5/27/2020,58,38,59,64,68,21
5/30/2020,32,13,58,41,60,14
6/3/2020,64,26,1,3,41,17
6/6/2020,68,38,69,1,17,18
6/10/2020,33,10,41,54,52,18
6/13/2020,65,12,2,32,50,5
6/17/2020,10,7,68,64,63,10
6/20/2020,67,10,31,63,41,5
6/24/2020,15,22,46,27,33,23
6/27/2020,36,56,49,62,9,8
7/1/2020,53,28,15,52,63,18
7/4/2020,60,16,21,27,61,6
7/8/2020,36,10,3,34,62,5
7/11/2020,61,14,19,62,64,4
7/15/2020,61,69,47,27,62,4
7/18/2020,32,59,13,58,16,9
7/22/2020,16,36,25,44,55,14
7/25/2020,36,5,62,21,61,18
7/29/2020,7,40,29,35,45,26
8/1/2020,43,48,36,25,6,24
8/5/2020,65,7,14,57,17,24
8/8/2020,14,2,3,40,51,24
8/12/2020,18,6,36,2,37,21
8/15/2020,5,34,56,45,12,3
8/19/2020,13,47,55,23,58,23
8/22/2020,36,19,42,30,66,14
8/26/2020,8,19,47,58,12,2
8/29/2020,22,5,21,29,43,10
9/2/2020,11,20,4,69,1,18
9/5/2020,27,15,22,47,21,7
9/9/2020,55,27,64,52,60,21
9/12/2020,16,67,17,53,20,4
9/16/2020,31,10,17,51,53,1
9/19/2020,14,47,57,23,11,14
9/23/2020,8,17,52,59,49,1
9/26/2020,62,36,11,21,27,24
9/30/2020,67,49,18,14,36,18
10/3/2020,18,47,31,43,36,20
10/7/2020,6,56,53,30,24,19
10/10/2020,23,50,18,40,5,18
10/14/2020,37,52,58,53,21,5
10/17/2020,6,31,37,10,44,23
10/21/2020,44,13,1,3,56,26
10/24/2020,27,65,45,20,18,6
10/28/2020,37,40,11,28,53,13
10/31/2020,40,2,42,55,6,24
11/4/2020,49,33,45,23,32,14
11/7/2020,16,14,58,37,48,18
11/11/2020,63,13,45,17,15,13
11/14/2020,45,32,7,18,15,20
11/18/2020,17,4,43,5,52,5
11/21/2020,69,54,57,51,60,11
11/25/2020,57,2,65,58,60,26
11/28/2020,12,51,44,8,18,18
12/2/2020,40,28,31,41,46,4
12/5/2020,4,53,6,48,3,10
12/9/2020,47,31,14,48,11,4
12/12/2020,56,17,54,63,69,20
12/16/2020,37,4,67,23,61,7
12/19/2020,27,52,43,32,34,13
12/23/2020,6,38,53,39,13,6
12/26/2020,35,53,27,24,10,18
12/30/2020,45,65,43,61,3,14
1/2/2021,3,67,41,4,11,5
1/6/2021,1,66,20,22,60,3
1/9/2021,45,46,26,14,38,13
1/13/2021,49,4,23,25,19,14
1/16/2021,67,20,65,14,39,2
1/20/2021,53,60,40,68,69,22
1/23/2021,8,5,17,28,27,14
1/27/2021,35,52,17,42,33,9
1/30/2021,61,2,7,52,1,4
2/3/2021,64,66,40,5,37,5
2/6/2021,48,1,65,16,49,8
2/10/2021,67,63,58,15,39,7
2/13/2021,68,33,20,63,28,20
2/17/2021,15,46,21,1,32,1
2/20/2021,22,8,32,4,58,4
2/24/2021,65,33,4,53,43,21
2/27/2021,44,31,2,52,28,18
3/3/2021,55,44,21,50,40,16
3/6/2021,50,11,58,52,31,18
3/10/2021,44,17,53,18,37,18
3/13/2021,56,61,11,51,5,2
3/17/2021,62,61,38,34,42,19
3/20/2021,6,61,42,1,22,4
3/24/2021,38,27,4,17,9,18
3/27/2021,39,65,6,14,38,6
3/31/2021,3,55,10,44,68,24
4/3/2021,39,17,12,53,1,5
4/7/2021,27,66,35,39,51,16
4/10/2021,16,53,23,50,14,3
4/14/2021,13,45,33,30,61,14
4/17/2021,41,21,26,10,49,25
4/21/2021,25,32,21,67,63,6
4/24/2021,36,61,59,22,48,22
4/28/2021,16,35,53,18,39,21
5/1/2021,47,36,63,35,61,3
5/5/2021,63,28,16,40,23,1
5/8/2021,20,17,12,21,26,8
5/12/2021,20,19,1,38,54,17
5/15/2021,39,4,10,37,69,24
5/19/2021,11,69,13,56,55,4
5/22/2021,40,3,27,37,19,8
5/26/2021,21,62,34,8,2,16
5/29/2021,13,11,46,22,27,20
6/2/2021,67,7,6,11,66,19
6/5/2021,64,52,44,69,54,26
6/9/2021,54,46,28,50,19,9
6/12/2021,8,41,38,25,34,10
6/16/2021,19,34,50,44,29,25
6/19/2021,38,22,4,39,35,20
6/23/2021,20,40,63,13,51,1
6/26/2021,31,60,43,8,39,17
6/30/2021,50,66,24,65,29,14
7/3/2021,26,55,40,41,65,24
7/7/2021,8,49,57,30,21,8
7/10/2021,29,1,62,5,54,3
7/14/2021,52,62,33,59,46,10
7/17/2021,54,38,22,15,66,3
7/21/2021,27,44,67,28,68,11
7/24/2021,4,11,67,1,59,10
7/28/2021,53,25,60,59,30,5
7/31/2021,21,22,34,1,47,4
8/4/2021,36,5,21,58,32,14
8/7/2021,24,54,7,60,36,23
8/11/2021,18,12,29,20,30,16
8/14/2021,6,65,49,67,21,18
8/18/2021,36,61,55,51,35,26
8/21/2021,59,39,36,16,28,4
8/23/2021,47,17,61,36,60,15
8/25/2021,39,59,27,54,56,24
8/28/2021,12,59,46,26,22,26
8/30/2021,61,3,51,45,15,8
9/1/2021,10,20,29,48,51,17
9/4/2021,54,32,35,40,52,1
9/6/2021,33,11,54,22,20,24
9/8/2021,22,9,41,61,47,21
9/11/2021,40,38,31,20,49,21
9/13/2021,37,63,61,50,40,21
9/15/2021,46,4,62,1,18,25
9/18/2021,45,39,5,57,36,11
9/20/2021,58,51,37,54,60,19
9/22/2021,47,63,20,40,55,5
9/25/2021,37,23,62,22,63,19
9/27/2021,44,21,22,39,60,12
9/29/2021,32,17,2,7,11,11
10/2/2021,42,38,47,52,28,1
10/4/2021,66,12,22,54,69,15
10/6/2021,17,64,52,1,58,1
10/9/2021,62,12,30,17,45,5
10/11/2021,20,11,33,39,65,24
10/13/2021,47,23,59,29,60,15
10/16/2021,30,48,31,41,42,3
10/18/2021,53,30,63,48,32,12
10/20/2021,7,41,29,43,36,5
10/23/2021,30,10,57,63,51,20
10/25/2021,29,58,44,10,27,24
10/27/2021,3,26,51,35,6,17
10/30/2021,56,23,28,5,43,19
11/1/2021,44,9,25,34,45,8
11/3/2021,50,1,57,24,2,26
11/6/2021,64,8,48,30,57,9
11/8/2021,47,46,62,57,21,8
11/10/2021,46,25,43,48,19,14
11/13/2021,45,15,35,26,8,9
11/15/2021,53,31,51,34,5,23
11/17/2021,48,3,60,16,52,1
11/20/2021,48,59,40,69,43,19
11/22/2021,7,67,20,29,38,22
11/24/2021,65,16,63,10,32,17
11/27/2021,32,55,66,64,8,10
11/29/2021,28,26,18,38,47,17
12/1/2021,12,57,38,15,63,24
12/4/2021,56,45,10,40,67,2
12/6/2021,3,21,59,50,38,6
12/8/2021,33,50,7,3,69,24
12/11/2021,25,53,44,3,64,10
12/13/2021,10,37,59,53,30,4
12/15/2021,19,20,59,40,42,15
12/18/2021,61,24,51,6,2,1
12/20/2021,13,66,2,23,34,2
12/22/2021,16,68,48,7,19,15
12/25/2021,29,45,58,55,27,2
12/27/2021,62,45,36,64,38,19
12/29/2021,39,6,9,33,2,11
1/1/2022,39,48,12,50,6,7
1/3/2022,2,33,13,32,48,22
1/5/2022,25,6,14,33,46,17
1/8/2022,21,20,65,36,60,13
1/10/2022,17,21,14,27,18,9
1/12/2022,21,22,30,12,33,24
1/15/2022,3,59,37,51,18,13
1/17/2022,46,65,24,35,9,22
1/19/2022,11,43,61,15,55,10
1/22/2022,67,14,8,33,36,17
1/24/2022,11,53,47,30,29,16
1/26/2022,69,38,49,4,11,16
1/29/2022,54,2,15,65,38,11
1/31/2022,61,10,69,51,15,14
2/2/2022,33,62,18,63,29,15
2/5/2022,39,61,27,16,5,24
2/7/2022,65,5,15,38,47,10
2/9/2022,63,17,51,2,33,26
2/12/2022,10,8,41,21,62,7
2/14/2022,49,55,16,27,25,17
2/16/2022,40,22,48,30,42,16
2/19/2022,10,3,15,42,33,11
2/21/2022,37,45,36,69,2,3
2/23/2022,64,35,17,6,21,18
2/26/2022,48,32,36,64,15,19
2/28/2022,21,7,39,47,55,19
3/2/2022,63,61,48,19,37,12
3/5/2022,37,23,52,63,8,13
3/7/2022,59,67,10,55,43,2
3/9/2022,34,13,22,67,51,10
3/12/2022,19,39,37,61,20,8
3/14/2022,21,28,32,49,44,6
3/16/2022,58,35,28,34,3,17
3/19/2022,9,52,18,8,48,6
3/21/2022,26,15,65,63,1,16
3/23/2022,37,38,31,32,48,24
3/26/2022,2,50,10,59,61,6
3/28/2022,62,11,18,58,39,3
3/30/2022,37,3,31,21,7,11
4/2/2022,58,59,47,28,6,18
4/4/2022,2,39,69,32,46,6
4/6/2022,6,45,47,42,64,18
4/9/2022,62,31,66,6,16,18
4/11/2022,5,34,24,31,7,4
4/13/2022,63,68,41,16,14,26
4/16/2022,62,32,15,65,21,26
4/18/2022,8,33,59,55,62,18
4/20/2022,55,30,56,20,45,14
4/23/2022,49,10,56,39,47,8
4/25/2022,18,61,12,39,20,10
4/27/2022,62,68,61,11,36,4
4/30/2022,21,37,44,63,14,1
5/2/2022,18,39,44,33,27,8
5/4/2022,55,63,69,39,37,23
5/7/2022,5,28,6,67,4,10
5/9/2022,18,56,30,35,52,5
5/11/2022,61,5,7,69,63,18
5/14/2022,6,52,40,45,41,9
5/16/2022,7,22,15,36,64,13
5/18/2022,64,41,40,58,65,17
5/21/2022,15,52,25,58,14,11
5/23/2022,42,37,33,1,39,26
5/25/2022,42,19,28,39,57,17
5/28/2022,66,50,61,39,2,15
5/30/2022,51,69,28,68,27,22
6/1/2022,41,56,63,11,57,2
6/4/2022,60,52,14,16,36,16
6/6/2022,10,2,44,35,46,4
6/8/2022,39,43,62,22,64,7
6/11/2022,26,53,69,20,18,5
6/13/2022,2,44,42,51,27,25
6/15/2022,28,19,42,41,51,7
6/18/2022,40,45,10,19,58,25
6/20/2022,3,44,69,61,63,13
6/22/2022,10,56,6,31,48,12
6/25/2022,12,20,32,27,6,4
6/27/2022,13,30,37,18,11,16
6/29/2022,63,40,8,49,58,14
7/2/2022,59,10,9,37,62,26
7/4/2022,16,15,56,31,24,4
7/6/2022,36,32,69,49,62,13
7/9/2022,42,22,52,46,14,24
7/11/2022,52,37,34,4,26,9
7/13/2022,22,23,47,63,36,2
7/16/2022,23,57,32,18,3,21
7/18/2022,36,14,50,58,34,5
7/20/2022,20,10,65,23,49,22
7/23/2022,59,39,41,54,62,12
7/25/2022,25,37,38,39,65,5
7/27/2022,25,55,1,44,57,26
7/30/2022,17,4,58,68,57,12
8/1/2022,31,65,36,15,21,16
8/3/2022,9,66,21,57,56,11
8/6/2022,15,8,46,56,68,3
8/8/2022,58,45,51,57,32,12
8/10/2022,68,59,61,44,29,19
8/13/2022,43,35,24,62,19,2
8/15/2022,20,50,47,63,24,5
8/17/2022,41,23,55,50,28,24
8/20/2022,16,11,9,66,5,7
8/22/2022,12,55,67,27,34,9
8/24/2022,37,35,6,24,44,22
8/27/2022,2,65,60,18,56,14
8/29/2022,69,61,43,13,36,18
8/31/2022,24,19,7,8,28,1
9/3/2022,18,27,65,49,69,9
9/5/2022,4,7,55,32,64,25
9/7/2022,3,33,16,30,36,20
9/10/2022,56,68,38,42,69,4
9/12/2022,66,14,34,6,16,25
9/14/2022,20,10,22,52,9,25
9/17/2022,5,25,36,61,51,1
9/19/2022,7,15,67,46,36,7
9/21/2022,33,34,6,54,45,7
9/24/2022,3,21,29,24,9,14
9/26/2022,31,33,13,20,59,20
9/28/2022,10,67,33,24,6,11
10/1/2022,69,22,21,65,8,26
10/3/2022,55,63,2,16,22,22
10/5/2022,26,37,33,62,30,6
10/8/2022,53,60,68,43,13,5
10/10/2022,17,3,22,11,6,11
10/12/2022,59,30,42,14,41,6
10/15/2022,32,62,40,58,37,15
10/17/2022,46,30,36,19,60,25
10/19/2022,27,42,15,8,6,10
10/22/2022,55,25,60,19,48,18
10/24/2022,23,45,54,35,18,16
10/26/2022,46,37,19,56,36,24
10/29/2022,40,19,57,31,46,23
10/31/2022,19,13,39,59,36,13
11/2/2022,22,11,60,2,35,23
11/5/2022,69,53,45,56,28,20
11/7/2022,56,41,33,47,10,10
11/9/2022,14,24,7,30,56,7
11/12/2022,58,57,20,44,16,6
11/14/2022,54,67,19,53,35,21
11/16/2022,53,56,28,34,51,11
11/19/2022,62,63,28,7,64,10
11/21/2022,1,67,51,40,6,2
11/23/2022,31,2,1,39,66,25
11/26/2022,15,30,47,50,51,3
11/28/2022,48,30,50,32,29,20
11/30/2022,4,24,47,66,19,10
12/3/2022,13,36,37,6,33,7
12/5/2022,35,54,55,45,47,14
12/7/2022,61,59,28,6,44,21
12/10/2022,23,9,68,49,47,19
12/12/2022,55,16,50,31,61,9
12/14/2022,36,51,68,66,59,25
12/17/2022,56,33,66,68,64,12
12/19/2022,55,37,65,7,67,12
12/21/2022,34,15,59,24,12,14
12/24/2022,37,17,67,54,46,8
12/26/2022,60,41,47,17,61,17
12/28/2022,32,38,45,26,56,1
12/31/2022,18,37,44,64,50,11
1/2/2023,9,62,12,7,31,22
1/4/2023,68,12,56,32,67,26
1/7/2023,45,36,67,35,44,14
1/9/2023,18,43,48,60,69,14
1/11/2023,4,47,48,8,46,5
1/14/2023,24,26,57,39,47,23
1/16/2023,14,33,4,61,39,3
1/18/2023,15,47,22,6,42,26
1/21/2023,14,5,64,19,46,22
1/23/2023,47,60,31,58,12,23
1/25/2023,17,38,20,9,40,18
1/28/2023,23,27,47,18,2,15
1/30/2023,49,1,36,4,12,5
2/1/2023,58,59,43,31,66,9
2/4/2023,58,2,15,19,8,10
2/6/2023,22,11,23,5,69,7
2/8/2023,64,59,66,58,52,9
2/11/2023,65,30,10,23,54,11
2/13/2023,26,37,17,65,61,2
2/15/2023,60,31,63,54,32,12
2/18/2023,31,8,37,32,21,23
2/20/2023,17,3,54,38,26,15
2/22/2023,11,39,65,44,19,7
2/25/2023,24,66,58,11,67,26
2/27/2023,55,49,16,28,51,23
3/1/2023,2,28,9,36,53,4
3/4/2023,10,40,16,18,66,16
3/6/2023,69,58,13,29,2,4
3/8/2023,43,69,26,27,61,4
3/11/2023,33,58,11,43,20,24
3/13/2023,3,46,24,10,63,4
3/15/2023,18,33,37,50,16,8
3/18/2023,69,20,14,30,54,11
3/20/2023,32,67,47,1,27,14
3/22/2023,37,27,28,50,57,5
3/25/2023,15,57,18,47,17,19
3/27/2023,36,19,26,58,43,14
3/29/2023,66,9,24,46,4,7
4/1/2023,19,29,21,11,52,17
4/3/2023,16,31,68,30,54,1
4/5/2023,52,42,9,3,5,11
4/8/2023,51,11,22,60,24,18
4/10/2023,46,52,9,10,36,14
4/12/2023,41,36,59,9,44,4
4/15/2023,56,1,33,34,59,18
4/17/2023,64,35,63,23,25,25
4/19/2023,21,4,11,64,38,11
4/22/2023,63,68,17,36,47,25
4/24/2023,19,55,68,66,21,3
4/26/2023,15,49,2,30,35,6
4/29/2023,16,53,65,57,54,8
5/1/2023,61,38,66,55,3,1
5/3/2023,26,21,47,30,45,23
5/6/2023,39,51,53,31,47,6
5/8/2023,15,33,43,36,20,12
5/10/2023,24,55,69,21,33,3
5/13/2023,3,46,20,23,15,11
5/15/2023,58,1,26,55,28,25
5/17/2023,51,18,37,45,34,14
5/20/2023,23,63,32,38,17,23
5/22/2023,38,52,48,9,68,25
5/24/2023,58,44,21,50,12,26
5/27/2023,48,39,56,38,24,4
5/29/2023,64,35,21,62,33,24
5/31/2023,62,54,4,2,61,14
6/3/2023,15,67,64,45,68,18