Date,Ball1,Ball2,Ball3,Ball4,Ball5,Ball6
09/06/1996,05,11,29,47,50,17
09/13/1996,03,04,09,30,47,01
09/20/1996,05,24,31,34,48,06
09/27/1996,08,25,35,37,48,08
10/04/1996,08,16,18,36,38,01
10/11/1996,02,23,37,40,50,22
10/18/1996,09,18,24,26,46,18
10/25/1996,23,28,30,35,43,09
11/01/1996,02,10,28,39,49,17
11/08/1996,11,23,25,35,46,17
11/15/1996,02,04,05,33,47,22
11/22/1996,06,08,14,32,35,19
11/29/1996,01,14,27,46,50,22
12/06/1996,15,20,32,42,47,03
12/13/1996,07,15,36,43,44,08
12/20/1996,06,18,20,25,33,16
12/27/1996,10,30,33,35,36,01
01/03/1997,05,08,23,45,48,17
01/10/1997,04,25,30,33,47,06
01/17/1997,04,11,33,35,43,21
01/24/1997,12,17,27,30,39,07
01/31/1997,08,11,13,20,37,12
02/07/1997,04,10,27,30,38,15
02/14/1997,07,13,15,22,26,21
02/21/1997,03,08,19,28,47,15
02/28/1997,18,19,24,29,42,05
03/07/1997,11,19,36,38,46,02
03/14/1997,04,06,11,25,43,10
03/21/1997,05,10,19,38,41,21
03/28/1997,01,43,47,48,50,17
04/04/1997,08,21,22,35,48,12
04/11/1997,04,10,13,22,49,20
04/18/1997,01,11,22,45,47,08
04/25/1997,12,31,32,34,37,09
05/02/1997,04,13,20,24,36,14
05/09/1997,12,13,16,29,36,11
05/16/1997,02,04,13,17,29,11
05/23/1997,02,03,05,40,49,19
05/30/1997,01,23,25,39,43,19
06/06/1997,02,08,20,22,32,08
06/13/1997,05,06,22,38,43,03
06/20/1997,03,04,10,42,46,15
06/27/1997,01,03,37,42,46,21
07/04/1997,08,12,21,32,50,17
07/11/1997,17,36,44,46,48,18
07/18/1997,06,34,35,40,50,25
07/25/1997,04,07,33,42,44,25
08/01/1997,17,34,38,39,44,13
08/08/1997,03,05,34,35,36,03
08/15/1997,17,21,27,42,47,21
08/22/1997,06,08,11,24,30,04
08/29/1997,09,18,24,37,42,25
09/05/1997,14,15,25,26,42,03
09/12/1997,05,19,28,29,40,04
09/19/1997,26,31,32,43,46,01
09/26/1997,05,14,34,49,50,16
10/03/1997,05,11,14,23,47,07
10/10/1997,12,21,31,43,45,14
10/17/1997,22,34,35,37,45,03
10/24/1997,02,25,31,32,45,16
10/31/1997,02,07,18,25,36,17
11/07/1997,13,24,26,32,44,16
11/14/1997,12,16,22,24,45,18
11/21/1997,02,05,16,18,42,11
11/28/1997,04,20,27,29,39,11
12/05/1997,10,23,25,40,42,07
12/12/1997,03,06,08,20,30,25
12/19/1997,10,15,16,17,50,25
12/26/1997,01,18,40,41,49,08
01/02/1998,07,21,31,32,45,14
01/09/1998,01,06,23,31,48,20
01/16/1998,04,05,13,24,33,11
01/23/1998,04,17,26,32,41,17
01/30/1998,03,04,29,35,45,07
02/06/1998,04,09,15,23,29,01
02/10/1998,02,12,14,27,47,17
02/13/1998,03,17,22,23,36,01
02/17/1998,02,25,26,35,40,25
02/20/1998,09,11,12,17,19,13
02/24/1998,02,11,40,42,48,14
02/27/1998,24,26,28,29,42,22
03/03/1998,21,31,33,37,42,03
03/06/1998,02,34,37,41,42,16
03/10/1998,07,19,24,28,32,21
03/13/1998,01,03,08,31,47,03
03/17/1998,13,23,24,39,42,10
03/20/1998,15,18,19,37,39,06
03/24/1998,15,16,27,36,45,01
03/27/1998,13,15,29,36,47,24
03/31/1998,16,22,35,39,44,09
04/03/1998,08,29,38,47,50,03
04/07/1998,27,32,46,47,49,07
04/10/1998,09,11,33,35,40,16
04/14/1998,06,07,10,26,32,18
04/17/1998,06,18,20,32,50,12
04/21/1998,08,18,19,36,44,01
04/24/1998,15,17,20,25,29,21
04/28/1998,10,13,14,29,45,06
05/01/1998,02,17,29,35,46,16
05/05/1998,08,20,22,35,50,17
05/08/1998,25,33,35,40,45,17
05/12/1998,14,20,28,37,39,14
05/15/1998,03,37,41,42,48,09
05/19/1998,12,21,31,47,50,02
05/22/1998,18,25,32,46,47,12
05/26/1998,01,13,29,35,50,24
05/29/1998,03,35,36,43,47,10
06/02/1998,09,19,28,30,31,19
06/05/1998,05,18,20,30,36,10
06/09/1998,04,09,13,24,27,24
06/12/1998,02,23,24,29,48,09
06/16/1998,11,17,20,23,25,15
06/19/1998,01,11,13,14,23,22
06/23/1998,02,07,13,17,33,22
06/26/1998,20,25,30,41,47,05
06/30/1998,05,21,41,43,48,10
07/03/1998,05,36,38,39,46,01
07/07/1998,05,09,27,39,48,25
07/10/1998,19,24,28,29,38,06
07/14/1998,05,07,15,33,48,13
07/17/1998,13,24,35,39,44,24
07/21/1998,03,07,08,11,20,25
07/24/1998,07,15,18,31,35,19
07/28/1998,05,10,14,18,49,25
07/31/1998,03,10,23,33,46,08
08/04/1998,03,04,06,26,40,10
08/07/1998,07,11,32,44,46,19
08/11/1998,07,31,35,44,48,18
08/14/1998,06,10,14,17,22,17
08/18/1998,09,10,11,12,48,18
08/21/1998,06,16,19,28,48,11
08/25/1998,02,27,33,37,44,21
08/28/1998,01,21,28,43,45,17
09/01/1998,09,23,24,37,44,24
09/04/1998,11,19,25,34,47,10
09/08/1998,01,14,24,25,26,24
09/11/1998,21,31,34,35,43,04
09/15/1998,11,26,30,37,38,20
09/18/1998,15,22,23,40,50,12
09/22/1998,01,37,43,44,45,24
09/25/1998,20,23,36,46,50,09
09/29/1998,01,08,18,27,38,24
10/02/1998,02,06,08,26,39,08
10/06/1998,01,03,13,15,22,18
10/09/1998,01,23,30,47,50,02
10/13/1998,12,24,30,43,44,01
10/16/1998,06,07,14,18,33,08
10/20/1998,06,09,10,22,28,19
10/23/1998,13,20,27,28,33,20
10/27/1998,12,13,17,25,43,22
10/30/1998,12,16,22,38,46,20
11/03/1998,01,09,32,35,50,01
11/06/1998,07,21,29,46,48,16
11/10/1998,03,10,17,23,35,23
11/13/1998,05,07,18,26,45,15
11/17/1998,28,36,38,43,50,10
11/20/1998,20,40,48,49,50,17
11/24/1998,14,15,17,33,43,17
11/27/1998,04,08,20,41,44,06
12/01/1998,16,21,30,32,44,15
12/04/1998,07,16,28,30,43,04
12/08/1998,01,11,25,28,35,01
12/11/1998,11,13,42,44,50,24
12/15/1998,07,18,36,38,41,24
12/18/1998,10,21,25,34,48,24
12/22/1998,17,21,33,42,44,09
12/25/1998,06,08,17,21,31,10
12/29/1998,03,05,07,28,35,10
01/01/1999,11,19,28,43,48,05
01/05/1999,04,31,32,34,43,19
01/08/1999,05,21,23,26,37,03
01/12/1999,05,07,09,20,46,02
01/15/1999,17,18,28,42,48,08
01/19/1999,21,25,26,35,49,12
01/22/1999,07,16,20,23,36,22
01/26/1999,05,08,10,44,50,33
01/29/1999,04,09,12,32,47,27
02/02/1999,06,14,23,31,33,13
02/05/1999,02,08,14,21,27,33
02/09/1999,03,06,14,21,24,09
02/12/1999,08,11,16,27,34,08
02/16/1999,03,10,13,36,49,14
02/19/1999,01,07,16,36,40,10
02/23/1999,03,13,27,30,44,27
02/26/1999,06,26,31,44,48,01
03/02/1999,03,31,35,42,46,34
03/05/1999,03,20,26,29,36,16
03/09/1999,03,04,10,22,48,21
03/12/1999,22,32,37,38,41,03
03/16/1999,06,11,19,33,40,19
03/19/1999,17,23,37,46,49,28
03/23/1999,16,18,29,44,47,32
03/26/1999,14,15,20,47,50,35
03/30/1999,04,05,27,33,41,09
04/02/1999,08,25,26,28,35,25
04/06/1999,12,17,22,33,44,25
04/09/1999,14,27,41,44,47,10
04/13/1999,13,19,21,39,40,08
04/16/1999,01,07,10,16,36,36
04/20/1999,11,12,17,18,41,06
04/23/1999,03,12,27,38,39,17
04/27/1999,01,08,10,38,42,36
04/30/1999,01,23,25,29,39,05
05/04/1999,05,20,32,42,46,26
05/07/1999,12,21,30,35,49,15
05/11/1999,11,22,29,35,41,30
05/14/1999,01,06,25,37,42,27
05/18/1999,05,11,14,27,41,18
05/21/1999,01,15,26,37,41,13
05/25/1999,12,35,36,38,39,30
05/28/1999,05,06,09,27,50,25
06/01/1999,01,03,13,37,42,23
06/04/1999,02,05,24,33,39,12
06/08/1999,18,31,45,48,49,15
06/11/1999,05,07,13,17,43,12
06/15/1999,01,06,19,27,42,25
06/18/1999,01,13,34,37,50,05
06/22/1999,04,21,40,44,48,31
06/25/1999,02,28,34,36,48,35
06/29/1999,04,11,17,31,44,32
07/02/1999,06,26,39,40,47,08
07/06/1999,07,20,23,26,33,15
07/09/1999,16,20,22,34,36,29
07/13/1999,01,22,33,40,43,02
07/16/1999,02,06,07,17,18,01
07/20/1999,09,25,27,31,32,24
07/23/1999,06,10,24,26,37,06
07/27/1999,02,05,25,34,40,17
07/30/1999,08,13,20,44,47,21
08/03/1999,04,40,42,43,48,08
08/06/1999,16,18,20,21,50,20
08/10/1999,13,27,32,43,50,02
08/13/1999,02,19,30,45,46,31
08/17/1999,11,12,28,29,45,35
08/20/1999,05,15,27,44,47,07
08/24/1999,09,13,21,23,41,17
08/27/1999,05,23,25,47,49,24
08/31/1999,03,21,26,27,40,15
09/03/1999,24,29,37,47,48,02
09/07/1999,04,05,06,39,46,20
09/10/1999,16,20,31,32,48,06
09/14/1999,01,02,06,15,49,04
09/17/1999,25,29,30,42,47,32
09/21/1999,07,16,18,35,47,23
09/24/1999,22,25,29,45,47,17
09/28/1999,08,22,34,40,48,04
10/01/1999,09,13,15,38,41,03
10/05/1999,15,20,32,33,47,25
10/08/1999,15,17,36,37,45,15
10/12/1999,11,23,27,38,45,32
10/15/1999,15,19,29,40,41,07
10/19/1999,03,30,32,35,37,05
10/22/1999,03,05,33,36,40,29
10/26/1999,24,32,37,47,48,19
10/29/1999,17,20,23,29,33,20
11/02/1999,06,10,30,31,35,14
11/05/1999,15,23,28,33,47,09
11/09/1999,12,13,26,40,42,27
11/12/1999,20,26,27,40,45,22
11/16/1999,10,27,29,37,46,31
11/19/1999,01,18,28,36,42,19
11/23/1999,01,05,09,13,19,03
11/26/1999,17,21,22,33,38,34
11/30/1999,01,04,05,22,47,23
12/03/1999,12,15,19,24,49,08
12/07/1999,22,26,27,38,44,27
12/10/1999,18,24,25,26,32,13
12/14/1999,06,21,27,38,43,21
12/17/1999,08,15,28,30,44,24
12/21/1999,02,03,29,46,47,31
12/24/1999,32,38,40,44,50,27
12/28/1999,09,11,21,40,50,11
12/31/1999,04,17,32,38,46,26
01/04/2000,11,14,27,39,42,33
01/07/2000,01,09,23,39,41,15
01/11/2000,16,18,28,37,39,07
01/14/2000,01,09,28,41,45,22
01/18/2000,13,15,29,34,41,23
01/21/2000,04,08,12,37,45,21
01/25/2000,06,10,19,24,38,20
01/28/2000,04,42,43,45,48,34
02/01/2000,14,15,31,47,49,32
02/04/2000,26,28,37,39,44,15
02/08/2000,20,24,29,42,44,33
02/11/2000,05,27,36,37,42,20
02/15/2000,02,06,07,13,26,25
02/18/2000,01,08,15,21,37,25
02/22/2000,33,35,36,40,43,11
02/25/2000,02,14,45,48,49,10
02/29/2000,02,05,22,36,40,19
03/03/2000,02,05,14,38,47,04
03/07/2000,04,16,30,44,49,29
03/10/2000,01,02,26,39,43,07
03/14/2000,01,08,09,22,47,27
03/17/2000,17,29,37,41,50,14
03/21/2000,05,21,33,42,46,01
03/24/2000,14,31,42,46,50,28
03/28/2000,02,18,35,38,43,20
03/31/2000,03,06,07,17,43,18
04/04/2000,04,17,23,35,39,09
04/07/2000,01,06,09,17,34,18
04/11/2000,01,11,31,38,45,12
04/14/2000,02,17,24,39,40,29
04/18/2000,26,42,48,49,50,27
04/21/2000,14,15,34,42,44,08
04/25/2000,01,12,17,22,41,12
04/28/2000,05,28,29,32,49,29
05/02/2000,03,33,36,42,43,13
05/05/2000,06,08,16,30,32,26
05/09/2000,01,02,12,33,37,04
05/12/2000,12,27,28,40,48,25
05/16/2000,09,11,34,48,50,13
05/19/2000,16,24,37,38,40,26
05/23/2000,09,34,42,46,50,35
05/26/2000,08,10,11,29,40,32
05/30/2000,04,11,40,42,50,18
06/02/2000,05,24,26,39,44,03
06/06/2000,04,30,36,37,42,35
06/09/2000,06,07,25,34,45,02
06/13/2000,04,05,06,17,23,02
06/16/2000,11,12,24,33,35,04
06/20/2000,01,16,22,26,38,01
06/23/2000,09,11,13,23,49,11
06/27/2000,12,21,34,40,41,07
06/30/2000,09,16,39,46,47,15
07/04/2000,03,25,29,31,33,20
07/07/2000,24,29,32,47,49,02
07/11/2000,19,20,24,36,38,17
07/14/2000,21,22,27,28,42,24
07/18/2000,03,04,25,43,48,17
07/21/2000,11,13,15,31,41,16
07/25/2000,16,18,33,43,46,34
07/28/2000,02,07,16,21,45,03
08/01/2000,10,13,16,25,26,21
08/04/2000,05,09,14,31,47,22
08/08/2000,23,32,38,48,50,20
08/11/2000,02,14,19,24,28,07
08/15/2000,15,16,22,28,39,33
08/18/2000,05,23,38,45,50,26
08/22/2000,06,16,18,34,41,02
08/25/2000,34,35,37,47,48,12
08/29/2000,04,17,31,37,47,09
09/01/2000,04,09,26,30,31,04
09/05/2000,31,39,43,45,48,28
09/08/2000,10,12,20,33,40,30
09/12/2000,04,11,18,27,38,23
09/15/2000,02,06,10,26,39,03
09/19/2000,08,10,28,34,35,17
09/22/2000,06,11,26,28,36,06
09/26/2000,02,13,31,41,44,03
09/29/2000,08,10,30,32,40,18
10/03/2000,16,25,32,33,40,04
10/06/2000,12,17,36,38,44,16
10/10/2000,05,23,29,30,39,08
10/13/2000,02,13,20,39,43,31
10/17/2000,09,16,41,43,48,02
10/20/2000,30,36,37,42,46,04
10/24/2000,08,09,14,24,41,23
10/27/2000,21,29,33,39,44,24
10/31/2000,07,16,22,34,36,34
11/03/2000,05,15,22,23,43,23
11/07/2000,22,29,35,38,47,27
11/10/2000,26,32,39,40,46,18
11/14/2000,12,14,25,31,37,22
11/17/2000,05,08,20,38,46,03
11/21/2000,15,25,28,40,46,17
11/24/2000,20,21,32,39,46,02
11/28/2000,15,18,30,48,49,08
12/01/2000,15,25,28,38,47,05
12/05/2000,04,08,30,46,48,01
12/08/2000,23,27,29,43,45,30
12/12/2000,01,14,28,38,47,24
12/15/2000,25,30,39,40,50,08
12/19/2000,12,34,36,39,40,16
12/22/2000,14,35,40,43,50,12
12/26/2000,04,29,32,35,44,19
12/29/2000,09,15,21,22,29,24
01/02/2001,07,08,11,12,13,12
01/05/2001,01,03,09,40,42,32
01/09/2001,04,24,35,44,48,32
01/12/2001,06,15,23,26,50,06
01/16/2001,07,08,13,35,50,28
01/19/2001,04,06,16,31,36,19
01/23/2001,06,07,12,23,43,27
01/26/2001,01,08,20,37,45,17
01/30/2001,05,17,22,39,40,30
02/02/2001,06,23,25,30,31,05
02/06/2001,05,17,32,34,48,05
02/09/2001,01,12,14,16,22,26
02/13/2001,30,31,35,46,47,23
02/16/2001,09,10,24,30,31,35
02/20/2001,09,32,37,42,46,13
02/23/2001,03,18,21,36,50,06
02/27/2001,01,05,14,27,37,03
03/02/2001,13,23,24,25,42,22
03/06/2001,02,24,26,31,41,34
03/09/2001,02,10,12,15,27,17
03/13/2001,11,17,38,41,42,24
03/16/2001,14,22,38,42,43,10
03/20/2001,11,30,39,41,43,34
03/23/2001,06,10,26,39,40,28
03/27/2001,20,23,25,27,42,06
03/30/2001,04,31,38,45,48,09
04/03/2001,04,05,25,39,45,14
04/06/2001,04,09,10,16,45,30
04/10/2001,17,22,27,32,42,33
04/13/2001,16,27,36,39,47,12
04/17/2001,04,12,14,24,44,21
04/20/2001,02,05,11,32,36,24
04/24/2001,01,04,27,29,31,05
04/27/2001,03,06,30,38,44,12
05/01/2001,04,13,15,16,25,19
05/04/2001,11,24,27,35,47,22
05/08/2001,19,21,29,31,50,25
05/11/2001,11,12,19,21,26,19
05/15/2001,07,14,19,24,43,30
05/18/2001,07,19,30,38,41,05
05/22/2001,08,10,13,31,43,28
05/25/2001,12,13,17,20,22,33
05/29/2001,05,22,23,24,35,30
06/01/2001,05,18,36,44,49,35
06/05/2001,23,27,36,49,50,01
06/08/2001,01,22,30,34,46,02
06/12/2001,08,09,10,18,49,21
06/15/2001,01,06,23,30,39,20
06/19/2001,01,12,30,38,42,23
06/22/2001,05,21,37,43,50,34
06/26/2001,01,02,07,22,44,34
06/29/2001,05,09,12,28,48,05
07/03/2001,05,24,26,40,41,07
07/06/2001,03,12,22,39,46,01
07/10/2001,03,08,17,28,50,15
07/13/2001,24,35,37,45,50,35
07/17/2001,17,22,27,37,49,18
07/20/2001,14,34,38,43,47,15
07/24/2001,05,06,10,13,20,15
07/27/2001,28,29,43,46,47,03
07/31/2001,04,06,08,22,28,14
08/03/2001,04,11,21,41,44,02
08/07/2001,05,28,31,35,47,19
08/10/2001,04,12,35,36,42,06
08/14/2001,01,22,27,28,35,26
08/17/2001,01,09,16,28,46,24
08/21/2001,04,11,14,45,49,29
08/24/2001,02,10,23,26,38,26
08/28/2001,10,29,39,47,50,35
08/31/2001,04,07,08,12,38,16
09/04/2001,26,29,32,33,43,36
09/07/2001,11,18,31,37,46,16
09/11/2001,03,11,33,41,49,21
09/14/2001,02,21,27,28,45,03
09/18/2001,11,14,18,33,48,22
09/21/2001,01,30,34,36,50,03
09/25/2001,07,13,29,32,48,03
09/28/2001,01,09,16,21,25,14
10/02/2001,07,14,22,41,46,01
10/05/2001,03,07,18,23,34,23
10/09/2001,13,17,21,26,34,05
10/12/2001,04,12,17,22,49,22
10/16/2001,15,16,19,26,47,23
10/19/2001,01,24,28,33,47,25
10/23/2001,24,32,34,38,46,02
10/26/2001,16,19,22,26,45,09
10/30/2001,07,09,29,46,49,33
11/02/2001,10,11,15,35,39,14
11/06/2001,03,11,15,22,38,02
11/09/2001,05,17,21,31,41,13
11/13/2001,03,10,23,35,42,09
11/16/2001,04,07,08,38,46,36
11/20/2001,11,16,38,41,45,23
11/23/2001,03,04,38,42,49,31
11/27/2001,01,22,25,43,46,10
11/30/2001,07,08,20,21,42,05
12/04/2001,17,21,22,24,30,07
12/07/2001,05,06,13,20,46,15
12/11/2001,18,22,24,32,47,02
12/14/2001,06,27,28,29,42,36
12/18/2001,03,12,29,37,47,16
12/21/2001,03,16,18,19,43,09
12/25/2001,20,29,34,35,48,23
12/28/2001,21,29,30,32,42,20
01/01/2002,16,24,39,45,50,36
01/04/2002,07,12,24,34,37,35
01/08/2002,14,17,25,32,46,30
01/11/2002,04,05,21,24,38,21
01/15/2002,04,08,32,41,49,20
01/18/2002,01,02,09,26,27,06
01/22/2002,01,12,35,37,49,01
01/25/2002,09,23,29,32,45,30
01/29/2002,04,21,30,33,48,34
02/01/2002,04,15,17,23,33,29
02/05/2002,05,11,30,33,43,12
02/08/2002,03,13,19,40,47,13
02/12/2002,02,06,10,26,29,33
02/15/2002,02,19,41,45,47,24
02/19/2002,25,27,37,40,48,01
02/22/2002,04,11,37,40,44,09
02/26/2002,06,19,22,40,44,27
03/01/2002,13,17,37,49,50,36
03/05/2002,02,13,15,21,46,03
03/08/2002,13,15,31,36,49,18
03/12/2002,04,08,20,29,47,05
03/15/2002,05,10,22,34,45,02
03/19/2002,17,28,31,35,37,07
03/22/2002,07,12,19,35,41,34
03/26/2002,01,15,17,22,40,22
03/29/2002,15,26,28,35,44,30
04/02/2002,34,37,38,39,42,21
04/05/2002,08,21,35,47,50,15
04/09/2002,01,15,17,21,41,04
04/12/2002,06,13,14,17,41,06
04/16/2002,07,10,25,26,27,23
04/19/2002,03,04,26,40,46,04
04/23/2002,03,27,31,45,47,03
04/26/2002,11,12,21,39,44,01
04/30/2002,04,05,09,26,42,20
05/03/2002,02,21,27,35,49,08
05/07/2002,02,22,26,39,40,11
05/10/2002,01,07,35,38,49,10
05/14/2002,23,30,36,44,47,28
05/17/2002,15,18,25,33,47,30
05/21/2002,04,28,39,41,44,09
05/24/2002,02,04,32,44,52,36
05/28/2002,06,21,22,29,32,24
05/31/2002,12,28,45,46,52,47
06/04/2002,03,25,29,30,48,48
06/07/2002,14,22,27,28,42,13
06/11/2002,05,06,09,33,44,52
06/14/2002,04,08,32,37,43,02
06/18/2002,06,13,18,27,45,18
06/21/2002,13,18,32,39,49,06
06/25/2002,04,18,21,27,41,50
06/28/2002,18,31,49,50,51,04
07/02/2002,14,22,32,35,44,06
07/05/2002,11,20,26,29,41,41
07/09/2002,26,29,31,44,48,40
07/12/2002,13,19,23,38,47,15
07/16/2002,10,24,35,49,52,47
07/19/2002,07,15,24,37,46,09
07/23/2002,10,12,29,32,38,07
07/26/2002,20,27,28,37,49,32
07/30/2002,02,06,22,27,44,01
08/02/2002,10,16,23,28,31,07
08/06/2002,02,06,38,40,50,14
08/09/2002,07,17,23,43,44,26
08/13/2002,03,10,15,18,25,52
08/16/2002,22,31,33,44,52,43
08/20/2002,02,13,20,23,43,06
08/23/2002,05,19,20,45,48,44
08/27/2002,02,05,11,18,45,22
08/30/2002,06,31,32,42,51,42
09/03/2002,08,23,36,49,51,10
09/06/2002,31,39,42,49,51,35
09/10/2002,04,06,10,21,25,21
09/13/2002,24,32,37,40,51,12
09/17/2002,07,10,19,26,44,05
09/20/2002,01,02,04,05,46,08
09/24/2002,08,32,34,42,50,21
09/27/2002,23,27,30,33,36,05
10/01/2002,07,21,30,32,37,15
10/04/2002,10,42,43,45,51,01
10/08/2002,18,34,43,47,50,25
10/11/2002,09,11,17,26,41,29
10/15/2002,06,20,27,34,51,22
10/18/2002,10,31,40,48,51,38
10/22/2002,16,20,26,36,48,32
10/25/2002,08,15,34,39,47,04
10/29/2002,09,10,14,41,49,35
11/01/2002,05,10,22,23,43,37
11/05/2002,02,07,16,28,36,47
11/08/2002,17,19,37,47,48,14
11/12/2002,03,28,45,48,50,24
11/15/2002,06,17,44,49,51,39
11/19/2002,07,16,20,40,52,08
11/22/2002,11,16,19,22,46,05
11/26/2002,03,21,27,31,43,34
11/29/2002,08,25,33,42,49,40
12/03/2002,01,15,19,40,51,26
12/06/2002,04,08,30,36,52,48
12/10/2002,03,05,09,16,31,28
12/13/2002,02,13,14,24,46,34
12/17/2002,03,07,21,29,49,46
12/20/2002,10,14,41,46,49,52
12/24/2002,08,24,39,43,52,43
12/27/2002,11,14,26,30,39,03
12/31/2002,08,21,29,42,51,34
01/03/2003,06,14,28,37,46,03
01/07/2003,15,16,28,34,51,33
01/10/2003,07,17,18,34,50,18
01/14/2003,30,39,41,47,52,27
01/17/2003,25,26,38,42,46,27
01/21/2003,04,41,48,50,51,23
01/24/2003,16,31,37,40,41,05
01/28/2003,13,24,26,32,47,34
01/31/2003,01,08,09,19,22,21
02/04/2003,05,12,16,22,24,48
02/07/2003,03,09,20,26,27,50
02/11/2003,18,20,23,48,49,10
02/14/2003,11,13,19,32,47,21
02/18/2003,12,22,29,42,50,11
02/21/2003,21,28,29,40,51,20
02/25/2003,02,04,06,37,47,38
02/28/2003,11,16,26,48,49,13
03/04/2003,02,26,36,37,41,22
03/07/2003,07,10,32,36,41,33
03/11/2003,10,15,26,28,39,10
03/14/2003,03,06,14,31,33,08
03/18/2003,13,14,16,29,49,29
03/21/2003,06,17,18,40,50,08
03/25/2003,15,21,37,40,42,07
03/28/2003,08,12,21,27,29,15
04/01/2003,07,12,26,45,47,36
04/04/2003,06,22,28,31,40,18
04/08/2003,08,10,24,38,45,06
04/11/2003,15,26,27,38,39,46
04/15/2003,16,29,31,39,52,21
04/18/2003,05,15,24,50,52,03
04/22/2003,03,09,15,28,52,07
04/25/2003,01,12,32,48,51,29
04/29/2003,06,08,09,33,35,32
05/02/2003,02,05,19,32,34,52
05/06/2003,05,14,32,44,52,24
05/09/2003,01,10,20,22,28,39
05/13/2003,17,20,47,49,50,34
05/16/2003,05,10,16,26,39,52
05/20/2003,02,16,36,44,49,03
05/23/2003,12,20,31,33,50,17
05/27/2003,10,11,17,20,26,03
05/30/2003,01,21,28,33,51,03
06/03/2003,04,20,25,29,32,20
06/06/2003,10,14,28,39,40,35
06/10/2003,14,15,23,32,52,37
06/13/2003,12,15,16,20,51,33
06/17/2003,27,31,34,40,52,01
06/20/2003,01,02,03,12,37,35
06/24/2003,02,26,43,44,47,31
06/27/2003,01,14,20,31,40,43
07/01/2003,28,32,39,45,48,31
07/04/2003,06,07,22,37,46,08
07/08/2003,02,09,27,29,35,18
07/11/2003,01,04,10,16,18,10
07/15/2003,01,26,33,43,48,22
07/18/2003,29,30,34,38,44,39
07/22/2003,01,05,31,38,47,03
07/25/2003,33,46,47,50,51,30
07/29/2003,01,17,19,32,42,33
08/01/2003,02,11,27,30,33,46
08/05/2003,07,32,34,38,44,49
08/08/2003,06,09,35,40,43,42
08/12/2003,08,11,18,35,51,26
08/15/2003,01,16,20,41,52,13
08/19/2003,07,11,24,28,52,16
08/22/2003,04,19,31,32,51,31
08/26/2003,09,28,42,44,49,47
08/29/2003,08,11,17,42,52,10
09/02/2003,22,26,27,32,39,14
09/05/2003,07,09,28,41,42,19
09/09/2003,14,15,30,39,46,30
09/12/2003,16,22,23,38,46,45
09/16/2003,15,20,24,30,46,42
09/19/2003,13,14,24,34,47,13
09/23/2003,05,16,24,49,51,28
09/26/2003,05,29,32,45,52,29
09/30/2003,02,26,37,40,46,49
10/03/2003,19,21,30,31,52,51
10/07/2003,01,02,22,40,41,43
10/10/2003,04,19,36,42,48,13
10/14/2003,18,19,21,33,40,29
10/17/2003,14,20,31,46,48,18
10/21/2003,18,34,46,51,52,38
10/24/2003,08,09,16,30,31,15
10/28/2003,06,09,20,40,47,26
10/31/2003,06,12,13,36,46,03
11/04/2003,16,24,43,44,45,22
11/07/2003,06,18,23,26,30,31
11/11/2003,02,05,17,21,22,43
11/14/2003,03,13,31,41,42,52
11/18/2003,04,11,25,30,52,36
11/21/2003,14,26,28,36,42,14
11/25/2003,22,32,37,40,41,52
11/28/2003,19,26,31,44,50,19
12/02/2003,10,13,24,34,49,04
12/05/2003,01,12,15,18,44,42
12/09/2003,04,14,15,24,48,41
12/12/2003,09,16,32,45,46,26
12/16/2003,16,24,31,46,47,47
12/19/2003,05,10,17,35,39,38
12/23/2003,02,13,21,22,49,52
12/26/2003,01,10,17,20,29,36
12/30/2003,12,18,21,32,46,49
01/02/2004,07,08,36,44,48,09
01/06/2004,07,13,15,25,32,09
01/09/2004,24,32,38,47,49,12
01/13/2004,03,17,18,21,45,21
01/16/2004,12,26,41,44,49,44
01/20/2004,05,07,14,21,45,36
01/23/2004,10,18,33,46,51,13
01/27/2004,06,10,20,38,50,27
01/30/2004,17,28,30,40,51,44
02/03/2004,09,21,26,35,41,17
02/06/2004,01,06,16,30,49,13
02/10/2004,03,07,10,22,32,23
02/13/2004,14,30,42,43,45,30
02/17/2004,02,08,34,36,52,21
02/20/2004,01,13,20,21,30,24
02/24/2004,06,11,43,49,52,21
02/27/2004,02,09,24,36,52,44
03/02/2004,25,30,35,40,50,04
03/05/2004,30,40,47,49,52,03
03/09/2004,16,23,29,36,51,49
03/12/2004,04,29,32,35,36,11
03/16/2004,03,28,45,49,51,52
03/19/2004,06,09,14,32,50,04
03/23/2004,12,22,35,39,46,32
03/26/2004,08,10,17,37,49,20
03/30/2004,03,27,31,41,45,33
04/02/2004,08,17,25,46,47,13
04/06/2004,08,17,29,32,39,49
04/09/2004,02,08,10,11,23,40
04/13/2004,13,36,39,50,51,34
04/16/2004,06,24,29,42,51,41
04/20/2004,12,22,37,46,48,49
04/23/2004,08,22,25,47,48,27
04/27/2004,01,10,17,23,35,45
04/30/2004,15,21,32,39,50,34
05/04/2004,03,15,29,37,39,40
05/07/2004,14,17,19,44,50,17
05/11/2004,09,25,30,34,37,30
05/14/2004,10,19,32,36,46,06
05/18/2004,02,36,44,46,51,45
05/21/2004,04,20,27,38,49,31
05/25/2004,05,18,34,36,39,43
05/28/2004,13,27,36,39,51,33
06/01/2004,07,16,17,26,48,15
06/04/2004,04,16,18,41,47,46
06/08/2004,17,24,29,37,45,43
06/11/2004,12,28,36,39,52,36
06/15/2004,18,23,27,29,44,24
06/18/2004,07,10,11,15,51,23
06/22/2004,09,10,17,41,52,19
06/25/2004,18,19,29,32,42,32
06/29/2004,10,13,19,28,38,01
07/02/2004,10,25,38,39,50,12
07/06/2004,06,07,08,31,48,19
07/09/2004,11,23,25,29,45,16
07/13/2004,13,31,37,39,52,38
07/16/2004,03,21,22,35,44,07
07/20/2004,06,15,21,32,44,13
07/23/2004,05,12,25,35,37,12
07/27/2004,08,10,11,13,24,46
07/30/2004,16,19,21,34,35,22
08/03/2004,01,02,13,16,22,31
08/06/2004,04,23,33,38,49,07
08/10/2004,18,25,29,31,44,33
08/13/2004,14,31,41,45,48,20
08/17/2004,22,23,26,28,36,10
08/20/2004,12,17,34,37,39,34
08/24/2004,02,05,21,47,50,46
08/27/2004,05,25,38,46,47,14
08/31/2004,14,15,25,42,44,03
09/03/2004,04,14,34,38,44,10
09/07/2004,13,30,36,38,51,35
09/10/2004,11,17,27,45,52,05
09/14/2004,12,35,37,38,50,49
09/17/2004,03,16,25,38,49,04
09/21/2004,01,03,15,19,29,39
09/24/2004,11,26,30,49,50,52
09/28/2004,01,18,39,42,50,35
10/01/2004,08,10,17,24,39,52
10/05/2004,08,34,39,48,49,47
10/08/2004,16,17,21,33,41,06
10/12/2004,04,18,19,39,51,13
10/15/2004,04,08,24,30,36,25
10/19/2004,06,13,19,34,50,33
10/22/2004,03,07,20,24,43,36
10/26/2004,14,25,39,43,49,27
10/29/2004,10,18,26,31,41,48
11/02/2004,24,32,42,49,50,03
11/05/2004,03,29,30,41,43,01
11/09/2004,11,20,26,28,52,07
11/12/2004,05,31,33,35,51,01
11/16/2004,09,10,27,28,30,18
11/19/2004,01,12,24,36,51,38
11/23/2004,08,30,32,35,51,17
11/26/2004,07,09,18,37,43,34
11/30/2004,10,20,22,28,52,04
12/03/2004,12,32,37,41,52,13
12/07/2004,01,19,22,32,49,29
12/10/2004,22,23,37,42,47,15
12/14/2004,14,27,32,34,40,02
12/17/2004,16,34,38,42,47,01
12/21/2004,07,22,27,31,38,12
12/24/2004,09,20,22,41,42,10
12/28/2004,18,29,32,38,43,50
12/31/2004,10,14,45,47,51,20
01/04/2005,03,06,07,12,32,30
01/07/2005,02,08,14,15,51,38
01/11/2005,02,23,24,35,45,18
01/14/2005,15,19,24,40,47,50
01/18/2005,10,23,28,39,51,05
01/21/2005,17,27,39,40,41,21
01/25/2005,02,10,21,25,45,22
01/28/2005,25,31,39,47,52,43
02/01/2005,03,17,21,42,44,35
02/04/2005,03,12,14,30,52,34
02/08/2005,08,11,14,23,25,21
02/11/2005,06,14,21,24,50,28
02/15/2005,03,16,20,21,38,10
02/18/2005,01,19,31,35,42,34
02/22/2005,15,18,28,41,45,27
02/25/2005,04,13,37,38,50,24
03/01/2005,01,08,18,39,48,01
03/04/2005,07,10,13,35,39,21
03/08/2005,08,14,15,22,31,13
03/11/2005,18,19,31,35,36,17
03/15/2005,14,26,27,34,44,27
03/18/2005,02,09,28,29,48,33
03/22/2005,06,11,27,37,43,34
03/25/2005,11,18,19,45,49,02
03/29/2005,07,17,18,30,42,38
04/01/2005,11,19,28,32,45,10
04/05/2005,04,19,45,51,52,22
04/08/2005,05,13,17,33,35,35
04/12/2005,15,20,43,47,50,24
04/15/2005,25,26,37,39,49,29
04/19/2005,05,06,14,42,47,03
04/22/2005,23,25,43,46,49,26
04/26/2005,18,22,33,34,42,16
04/29/2005,02,05,07,28,46,21
05/03/2005,07,17,42,46,52,47
05/06/2005,07,12,25,50,51,19
05/10/2005,11,25,38,40,42,40
05/13/2005,21,23,27,33,39,08
05/17/2005,07,09,10,29,44,17
05/20/2005,03,06,27,40,44,09
05/24/2005,09,28,39,40,45,24
05/27/2005,07,17,22,34,50,24
05/31/2005,05,13,22,37,38,11
06/03/2005,04,06,14,28,47,42
06/07/2005,07,14,28,46,47,25
06/10/2005,14,29,31,37,50,34
06/14/2005,01,10,29,48,49,36
06/17/2005,16,35,40,49,50,34
06/21/2005,09,13,40,46,50,30
06/24/2005,14,43,44,50,56,07
06/28/2005,02,20,37,43,46,04
07/01/2005,14,25,41,42,50,40
07/05/2005,22,38,48,50,55,29
07/08/2005,09,23,45,48,50,03
07/12/2005,05,17,32,39,53,36
07/15/2005,09,13,25,36,48,02
07/19/2005,07,13,48,51,54,11
07/22/2005,07,18,27,35,54,34
07/26/2005,01,10,18,29,55,08
07/29/2005,04,16,23,25,40,22
08/02/2005,17,22,39,50,52,46
08/05/2005,03,05,48,50,53,04
08/09/2005,13,35,36,43,52,05
08/12/2005,08,37,38,45,54,21
08/16/2005,09,15,20,24,55,03
08/19/2005,02,13,18,36,46,36
08/23/2005,06,07,08,13,40,12
08/26/2005,05,20,38,47,54,35
08/30/2005,19,32,42,49,56,29
09/02/2005,01,04,14,45,53,33
09/06/2005,01,08,27,31,50,40
09/09/2005,15,28,43,51,52,11
09/13/2005,13,24,44,48,52,30
09/16/2005,05,16,41,46,50,01
09/20/2005,35,36,40,42,52,45
09/23/2005,06,07,20,41,51,38
09/27/2005,14,17,26,27,28,05
09/30/2005,01,03,14,30,52,10
10/04/2005,12,24,28,29,36,41
10/07/2005,02,04,23,27,36,37
10/11/2005,24,30,42,53,54,20
10/14/2005,06,20,24,25,34,44
10/18/2005,03,12,16,32,33,15
10/21/2005,11,17,28,29,36,42
10/25/2005,07,12,18,31,55,30
10/28/2005,08,17,25,28,53,01
11/01/2005,05,18,21,28,36,20
11/04/2005,07,09,41,53,54,38
11/08/2005,08,16,21,25,27,16
11/11/2005,09,14,34,50,51,40
11/15/2005,02,04,05,40,48,07
11/18/2005,08,18,21,42,46,11
11/22/2005,09,22,37,41,43,30
11/25/2005,05,25,31,33,34,41
11/29/2005,07,08,47,51,52,05
12/02/2005,03,12,21,38,44,45
12/06/2005,06,10,26,30,33,16
12/09/2005,14,15,31,32,43,20
12/13/2005,09,10,12,22,41,04
12/16/2005,14,25,26,31,56,17
12/20/2005,06,20,23,40,56,36
12/23/2005,10,37,39,49,54,08
12/27/2005,11,24,27,49,55,23
12/30/2005,14,20,25,40,44,37
01/03/2006,15,19,20,32,38,21
01/06/2006,08,11,28,37,53,12
01/10/2006,07,27,32,37,38,30
01/13/2006,05,21,27,44,53,36
01/17/2006,24,32,37,39,40,44
01/20/2006,18,22,28,44,53,46
01/24/2006,31,34,36,51,55,04
01/27/2006,02,07,08,18,29,46
01/31/2006,01,35,53,54,56,44
02/03/2006,29,31,32,41,52,42
02/07/2006,02,16,25,30,48,26
02/10/2006,24,39,40,43,46,02
02/14/2006,27,36,43,49,54,33
02/17/2006,16,25,31,43,46,28
02/21/2006,14,23,27,36,45,36
02/24/2006,03,05,12,16,34,27
02/28/2006,02,04,35,36,48,22
03/03/2006,25,29,38,39,46,04
03/07/2006,15,27,36,38,42,32
03/10/2006,04,17,18,51,54,31
03/14/2006,27,28,30,42,50,22
03/17/2006,08,11,23,48,52,05
03/21/2006,04,16,17,28,31,08
03/24/2006,01,02,17,47,49,19
03/28/2006,14,18,35,39,49,14
03/31/2006,04,07,19,50,52,15
04/04/2006,09,25,48,51,56,07
04/07/2006,01,18,31,46,52,37
04/11/2006,02,12,45,46,56,20
04/14/2006,08,10,18,29,33,10
04/18/2006,13,14,25,34,50,06
04/21/2006,02,04,07,27,41,04
04/25/2006,01,20,32,37,39,09
04/28/2006,16,29,32,36,55,12
05/02/2006,07,11,22,27,31,33
05/05/2006,08,20,39,53,55,10
05/09/2006,07,15,24,43,44,22
05/12/2006,06,36,39,45,52,45
05/16/2006,07,24,40,48,50,15
05/19/2006,05,12,31,51,56,01
05/23/2006,17,21,28,48,54,01
05/26/2006,12,14,20,47,48,24
05/30/2006,02,13,28,34,45,36
06/02/2006,03,10,18,36,38,41
06/06/2006,05,29,35,52,53,09
06/09/2006,08,17,18,26,47,37
06/13/2006,01,20,23,24,33,29
06/16/2006,27,30,36,38,45,13
06/20/2006,11,21,37,53,54,12
06/23/2006,13,17,24,34,56,24
06/27/2006,02,14,20,29,44,32
06/30/2006,20,40,46,48,54,27
07/04/2006,09,15,31,42,45,41
07/07/2006,07,15,27,46,56,39
07/11/2006,05,14,34,36,52,42
07/14/2006,13,25,26,28,56,39
07/18/2006,12,13,29,49,52,20
07/21/2006,18,26,35,36,43,24
07/25/2006,07,21,24,41,51,10
07/28/2006,02,13,23,32,35,04
08/01/2006,14,29,32,43,49,14
08/04/2006,02,24,31,50,55,44
08/08/2006,01,05,13,18,33,30
08/11/2006,14,16,38,40,49,29
08/15/2006,10,12,22,44,48,16
08/18/2006,05,12,13,46,50,10
08/22/2006,03,04,05,07,36,16
08/25/2006,17,24,35,46,54,33
08/29/2006,15,25,37,38,52,04
09/01/2006,05,06,51,53,55,12
09/05/2006,01,32,36,42,53,04
09/08/2006,09,17,34,52,53,02
09/12/2006,03,16,25,30,44,42
09/15/2006,06,26,33,39,55,01
09/19/2006,02,19,44,45,56,43
09/22/2006,07,12,17,22,43,16
09/26/2006,03,06,38,42,45,30
09/29/2006,03,25,43,45,55,40
10/03/2006,06,19,32,33,40,39
10/06/2006,01,11,20,21,46,18
10/10/2006,14,30,35,40,43,02
10/13/2006,24,27,42,47,50,08
10/17/2006,06,18,20,28,38,37
10/20/2006,09,13,23,29,54,34
10/24/2006,05,25,41,48,51,35
10/27/2006,15,22,26,30,32,31
10/31/2006,05,34,40,45,46,21
11/03/2006,08,10,22,25,55,22
11/07/2006,13,22,33,51,52,42
11/10/2006,11,42,52,53,55,28
11/14/2006,09,20,24,25,36,23
11/17/2006,05,19,25,30,50,42
11/21/2006,07,13,20,42,47,09
11/24/2006,14,35,40,47,48,35
11/28/2006,07,14,24,41,56,07
12/01/2006,16,22,23,37,53,35
12/05/2006,06,09,13,43,46,45
12/08/2006,01,15,29,32,45,08
12/12/2006,20,30,31,35,49,23
12/15/2006,06,07,17,28,40,39
12/19/2006,09,32,37,42,48,07
12/22/2006,05,12,15,25,34,43
12/26/2006,07,12,25,44,53,03
12/29/2006,03,04,10,39,50,29
01/02/2007,09,10,38,51,53,01
01/05/2007,02,12,44,46,51,06
01/09/2007,07,11,26,38,54,13
01/12/2007,12,14,26,40,42,22
01/16/2007,04,08,15,33,52,10
01/19/2007,04,28,30,31,35,17
01/23/2007,03,05,15,26,53,35
01/26/2007,16,17,36,49,54,14
01/30/2007,14,18,44,52,56,25
02/02/2007,22,33,35,40,53,15
02/06/2007,16,21,35,36,46,38
02/09/2007,32,39,46,48,49,41
02/13/2007,03,09,24,29,41,41
02/16/2007,17,35,40,46,48,41
02/20/2007,01,09,26,46,51,11
02/23/2007,03,18,21,38,50,43
02/27/2007,18,31,44,45,48,18
03/02/2007,14,21,33,35,51,43
03/06/2007,16,22,29,39,42,20
03/09/2007,10,13,25,42,43,30
03/13/2007,07,11,16,38,49,35
03/16/2007,17,25,36,40,43,09
03/20/2007,07,21,46,49,55,15
03/23/2007,18,21,35,51,53,36
03/27/2007,18,25,34,35,42,06
03/30/2007,15,23,37,48,53,22
04/03/2007,16,26,33,34,46,38
04/06/2007,24,32,34,36,39,06
04/10/2007,07,15,16,19,28,10
04/13/2007,11,14,21,25,26,33
04/17/2007,01,04,11,31,47,37
04/20/2007,01,09,10,23,53,40
04/24/2007,08,10,35,36,43,14
04/27/2007,05,07,26,38,56,15
05/01/2007,11,16,31,52,53,42
05/04/2007,04,09,20,45,55,34
05/08/2007,16,24,41,43,54,36
05/11/2007,28,30,33,48,54,25
05/15/2007,06,13,42,46,56,42
05/18/2007,13,23,24,30,44,05
05/22/2007,02,07,11,22,36,35
05/25/2007,10,14,22,42,43,01
05/29/2007,02,24,44,51,54,07
06/01/2007,12,19,29,32,48,09
06/05/2007,27,35,38,49,56,15
06/08/2007,06,26,29,31,39,31
06/12/2007,03,13,19,31,50,21
06/15/2007,01,05,16,26,30,21
06/19/2007,05,16,31,49,54,19
06/22/2007,11,14,21,24,31,23
06/26/2007,04,10,20,29,45,21
06/29/2007,01,17,40,51,52,07
07/03/2007,21,35,37,39,40,35
07/06/2007,03,09,12,25,47,37
07/10/2007,19,24,30,34,56,19
07/13/2007,07,39,41,48,53,21
07/17/2007,16,30,38,46,51,05
07/20/2007,06,13,30,41,52,26
07/24/2007,08,17,20,23,50,17
07/27/2007,07,12,35,54,55,02
07/31/2007,05,18,37,39,43,42
08/03/2007,16,29,42,46,51,40
08/07/2007,36,41,50,55,56,09
08/10/2007,10,20,32,33,54,39
08/14/2007,05,08,09,24,34,17
08/17/2007,02,08,33,38,53,12
08/21/2007,08,38,54,55,56,02
08/24/2007,04,21,46,51,53,05
08/28/2007,37,40,48,53,56,44
08/31/2007,08,18,22,40,44,11
09/04/2007,03,06,11,42,46,38
09/07/2007,14,19,27,34,48,03
09/11/2007,09,10,17,21,35,06
09/14/2007,05,09,12,33,40,27
09/18/2007,20,24,31,34,49,08
09/21/2007,05,21,23,33,45,43
09/25/2007,02,19,23,47,54,16
09/28/2007,04,13,20,25,33,42
10/02/2007,28,37,40,43,44,20
10/05/2007,10,19,37,40,48,01
10/09/2007,01,10,17,32,51,44
10/12/2007,21,26,34,44,54,23
10/16/2007,01,02,05,41,44,25
10/19/2007,05,15,18,23,46,14
10/23/2007,02,07,45,52,53,18
10/26/2007,12,20,24,38,51,03
10/30/2007,02,08,44,46,51,22
11/02/2007,01,03,34,49,52,19
11/06/2007,03,17,43,46,47,02
11/09/2007,11,33,41,42,46,21
11/13/2007,15,26,36,39,40,45
11/16/2007,12,13,30,31,39,29
11/20/2007,14,20,23,42,43,06
11/23/2007,18,21,33,42,56,11
11/27/2007,09,10,26,29,39,10
11/30/2007,05,06,12,26,51,07
12/04/2007,16,27,30,45,53,43
12/07/2007,12,18,26,28,51,35
12/11/2007,06,25,27,30,45,46
12/14/2007,04,07,12,17,30,44
12/18/2007,03,23,46,48,49,02
12/21/2007,14,19,20,43,53,07
12/25/2007,19,36,37,48,52,08
12/28/2007,02,19,22,28,54,25
01/01/2008,13,16,25,30,54,11
01/04/2008,24,31,39,40,56,32
01/08/2008,10,29,45,52,54,10
01/11/2008,22,36,42,45,55,42
01/15/2008,21,30,42,44,50,06
01/18/2008,12,22,33,43,44,15
01/22/2008,12,15,22,25,33,02
01/25/2008,05,12,22,38,56,22
01/29/2008,08,23,39,40,42,24
02/01/2008,03,14,30,44,56,05
02/05/2008,04,05,17,40,51,38
02/08/2008,21,30,43,46,50,18
02/12/2008,14,27,39,47,50,12
02/15/2008,07,11,26,30,53,14
02/19/2008,01,38,42,55,56,34
02/22/2008,07,12,13,19,22,10
02/26/2008,09,12,30,36,55,15
02/29/2008,05,17,22,26,55,38
03/04/2008,07,15,30,33,56,22
03/07/2008,19,32,33,41,48,12
03/11/2008,04,13,35,41,47,44
03/14/2008,03,12,18,25,52,21
03/18/2008,13,15,20,25,44,37
03/21/2008,05,08,17,19,41,21
03/25/2008,38,42,43,48,53,12
03/28/2008,07,26,27,40,43,10
04/01/2008,04,17,26,46,56,25
04/04/2008,03,05,40,45,49,17
04/08/2008,08,09,31,37,44,38
04/11/2008,14,18,27,31,42,07
04/15/2008,12,13,27,48,50,30
04/18/2008,24,28,36,50,53,29
04/22/2008,03,22,31,48,54,09
04/25/2008,19,32,37,45,52,41
04/29/2008,19,24,35,44,51,26
05/02/2008,08,28,37,53,55,26
05/06/2008,04,21,46,53,54,26
05/09/2008,16,31,43,46,56,22
05/13/2008,20,24,27,31,47,15
05/16/2008,06,11,39,46,47,26
05/20/2008,02,14,26,32,41,32
05/23/2008,04,08,11,22,30,04
05/27/2008,14,24,32,45,49,17
05/30/2008,39,40,47,53,55,32
06/03/2008,04,19,24,32,54,05
06/06/2008,08,09,43,44,54,27
06/10/2008,03,05,15,43,51,11
06/13/2008,08,09,14,38,44,36
06/17/2008,05,14,25,47,49,36
06/20/2008,11,17,25,36,42,13
06/24/2008,10,22,36,50,53,39
06/27/2008,08,14,22,39,50,44
07/01/2008,01,22,33,43,52,36
07/04/2008,01,03,12,19,20,28
07/08/2008,01,20,22,29,41,35
07/11/2008,05,14,16,39,51,34
07/15/2008,19,24,34,45,51,40
07/18/2008,17,29,36,53,55,26
07/22/2008,02,16,23,29,32,46
07/25/2008,02,16,19,35,52,17
07/29/2008,11,13,20,30,42,03
08/01/2008,09,13,17,18,56,02
08/05/2008,09,21,36,38,55,13
08/08/2008,11,17,28,32,50,33
08/12/2008,02,07,23,38,40,40
08/15/2008,08,23,29,30,53,07
08/19/2008,09,18,19,26,40,38
08/22/2008,12,13,15,41,42,37
08/26/2008,06,16,24,34,36,30
08/29/2008,21,25,26,50,51,22
09/02/2008,14,23,43,44,54,39
09/05/2008,01,06,15,27,46,39
09/09/2008,22,23,28,49,52,02
09/12/2008,01,12,14,25,35,38
09/16/2008,13,24,39,51,52,44
09/19/2008,02,09,41,48,51,37
09/23/2008,09,32,34,43,52,04
09/26/2008,06,13,14,31,36,36
09/30/2008,09,30,35,39,49,36
10/03/2008,13,28,32,41,52,16
10/07/2008,02,25,35,38,42,34
10/10/2008,14,15,43,46,48,21
10/14/2008,14,35,41,42,51,23
10/17/2008,07,15,27,28,31,35
10/21/2008,16,19,39,42,44,38
10/24/2008,05,33,34,47,52,18
10/28/2008,06,39,45,46,48,36
10/31/2008,02,07,17,29,47,40
11/04/2008,10,21,23,41,55,09
11/07/2008,14,24,32,43,44,21
11/11/2008,05,27,38,42,55,41
11/14/2008,03,18,19,30,34,03
11/18/2008,10,15,22,52,53,12
11/21/2008,01,22,52,53,56,45
11/25/2008,02,11,22,51,52,46
11/28/2008,10,30,44,46,48,44
12/02/2008,02,17,22,32,51,35
12/05/2008,21,27,46,52,55,14
12/09/2008,11,12,26,31,33,27
12/12/2008,10,16,19,27,48,25
12/16/2008,10,14,16,29,40,06
12/19/2008,03,13,16,39,54,32
12/23/2008,01,08,13,27,41,45
12/26/2008,06,19,29,33,37,31
12/30/2008,01,22,29,44,52,39
01/02/2009,02,11,19,21,34,38
01/06/2009,03,11,12,19,33,30
01/09/2009,23,25,30,45,50,08
01/13/2009,22,25,33,36,48,40
01/16/2009,02,04,21,39,51,29
01/20/2009,01,09,10,35,46,09
01/23/2009,02,17,20,27,28,07
01/27/2009,03,11,12,14,21,25
01/30/2009,13,16,19,53,55,02
02/03/2009,04,15,29,43,56,29
02/06/2009,02,12,18,28,31,03
02/10/2009,18,29,38,43,47,07
02/13/2009,25,36,37,40,51,20
02/17/2009,01,09,23,27,33,24
02/20/2009,21,28,41,45,55,24
02/24/2009,01,27,28,35,40,06
02/27/2009,24,37,44,50,56,35
03/03/2009,26,32,35,43,52,10
03/06/2009,11,18,37,46,55,45
03/10/2009,02,27,31,39,40,23
03/13/2009,10,12,26,46,50,23
03/17/2009,09,15,24,28,31,17
03/20/2009,15,16,20,39,40,26
03/24/2009,04,25,34,43,44,45
03/27/2009,10,15,24,38,50,19
03/31/2009,14,39,47,48,53,29
04/03/2009,16,22,38,39,48,42
04/07/2009,02,04,13,17,36,15
04/10/2009,18,25,36,42,51,22
04/14/2009,04,11,22,48,50,42
04/17/2009,05,13,26,35,45,32
04/21/2009,05,24,37,47,52,06
04/24/2009,09,20,21,48,49,07
04/28/2009,15,20,24,36,44,06
05/01/2009,09,16,24,40,43,35
05/05/2009,05,23,38,39,54,03
05/08/2009,12,27,29,32,34,34
05/12/2009,04,08,10,14,51,31
05/15/2009,07,12,24,36,48,27
05/19/2009,02,04,09,15,42,13
05/22/2009,03,29,34,42,49,29
05/26/2009,09,18,21,37,55,33
05/29/2009,23,30,36,39,48,34
06/02/2009,09,13,26,30,35,33
06/05/2009,05,20,38,41,52,20
06/09/2009,05,17,31,36,56,46
06/12/2009,06,11,20,32,44,38
06/16/2009,09,15,21,26,45,25
06/19/2009,04,09,12,16,46,44
06/23/2009,12,14,16,31,50,09
06/26/2009,11,15,17,29,46,16
06/30/2009,07,34,49,54,55,34
07/03/2009,05,06,07,11,25,31
07/07/2009,25,27,35,38,39,28
07/10/2009,05,10,26,27,28,04
07/14/2009,20,29,35,45,53,41
07/17/2009,08,17,40,47,50,13
07/21/2009,03,08,21,50,52,02
07/24/2009,03,06,43,51,52,36
07/28/2009,04,17,24,25,48,34
07/31/2009,17,35,44,52,56,22
08/04/2009,01,28,34,42,50,27
08/07/2009,07,18,35,45,56,03
08/11/2009,06,12,15,32,42,40
08/14/2009,08,22,25,33,35,46
08/18/2009,04,05,26,37,56,25
08/21/2009,09,38,44,48,49,13
08/25/2009,03,12,19,22,40,02
08/28/2009,01,17,31,37,54,31
09/01/2009,02,09,28,51,53,19
09/04/2009,02,04,06,21,44,37
09/08/2009,04,10,18,28,50,35
09/11/2009,16,27,48,49,54,02
09/15/2009,29,30,32,35,41,39
09/18/2009,18,27,31,36,52,33
09/22/2009,26,29,33,39,46,24
09/25/2009,07,27,42,49,52,19
09/29/2009,02,21,25,45,50,21
10/02/2009,15,24,51,53,55,11
10/06/2009,09,33,51,53,56,39
10/09/2009,03,14,21,24,51,14
10/13/2009,17,31,34,45,51,24
10/16/2009,10,13,18,33,51,43
10/20/2009,13,17,25,45,55,08
10/23/2009,27,45,48,54,56,02
10/27/2009,07,13,37,46,51,02
10/30/2009,04,15,17,29,38,20
11/03/2009,05,18,23,31,38,20
11/06/2009,07,11,27,40,46,08
11/10/2009,08,21,29,34,37,15
11/13/2009,27,43,45,49,54,44
11/17/2009,08,22,27,49,50,28
11/20/2009,03,04,07,16,56,39
11/24/2009,10,11,35,37,50,12
11/27/2009,12,25,37,39,45,11
12/01/2009,17,30,39,52,53,21
12/04/2009,04,33,41,51,56,38
12/08/2009,20,23,28,30,46,29
12/11/2009,02,21,27,34,44,45
12/15/2009,27,31,32,36,47,35
12/18/2009,10,20,30,44,49,24
12/22/2009,03,33,35,39,45,13
12/25/2009,04,16,44,52,54,20
12/29/2009,02,05,29,35,51,03
01/01/2010,06,08,27,40,41,21
01/05/2010,13,28,39,50,55,10
01/08/2010,18,20,31,36,43,33
01/12/2010,05,09,31,37,56,16
01/15/2010,04,07,19,21,38,29
01/19/2010,04,05,34,38,41,18
01/22/2010,08,13,27,28,52,09
01/26/2010,07,08,38,39,48,22
01/29/2010,01,10,22,23,38,19
02/02/2010,06,07,26,27,49,09
02/05/2010,10,20,45,51,53,41
02/09/2010,02,17,20,26,48,12
02/12/2010,14,16,17,33,47,23
02/16/2010,11,12,21,29,45,05
02/19/2010,01,22,39,42,46,36
02/23/2010,04,16,36,40,53,18
02/26/2010,04,14,29,54,56,40
03/02/2010,09,12,47,48,56,25
03/05/2010,11,31,34,44,52,32
03/09/2010,14,16,18,19,29,16
03/12/2010,02,15,25,48,53,41
03/16/2010,03,22,48,52,56,13
03/19/2010,10,31,45,50,54,25
03/23/2010,03,25,28,29,40,13
03/26/2010,23,41,46,47,52,22
03/30/2010,01,11,24,38,44,41
04/02/2010,02,17,22,30,31,19
04/06/2010,16,43,44,52,56,26
04/09/2010,15,18,39,48,53,03
04/13/2010,03,12,27,39,47,32
04/16/2010,10,16,31,48,50,44
04/20/2010,05,08,10,34,42,25
04/23/2010,19,26,28,37,52,18
04/27/2010,23,37,41,50,55,06
04/30/2010,14,20,41,47,53,40
05/04/2010,09,21,31,36,43,08
05/07/2010,02,07,20,34,50,40
05/11/2010,26,33,43,46,54,09
05/14/2010,20,21,40,47,56,12
05/18/2010,11,13,19,37,40,26
05/21/2010,15,20,23,26,30,17
05/25/2010,05,14,17,19,24,25
05/28/2010,03,11,20,29,39,26
06/01/2010,12,27,44,45,51,30
06/04/2010,12,13,15,17,50,23
06/08/2010,12,18,28,48,54,06
06/11/2010,06,13,33,34,42,25
06/15/2010,04,12,13,21,27,46
06/18/2010,11,36,37,41,55,07
06/22/2010,12,17,21,23,30,24
06/25/2010,01,02,13,19,27,21
06/29/2010,03,04,15,27,37,35
07/02/2010,01,10,12,32,36,25
07/06/2010,08,18,45,47,50,36
07/09/2010,01,31,33,34,50,41
07/13/2010,07,11,14,15,34,14
07/16/2010,02,15,18,20,39,34
07/20/2010,12,18,28,36,43,19
07/23/2010,16,19,39,44,49,26
07/27/2010,02,07,10,16,29,08
07/30/2010,11,30,40,48,52,42
08/03/2010,04,13,20,22,56,32
08/06/2010,07,13,30,33,54,30
08/10/2010,02,14,26,50,56,12
08/13/2010,06,17,24,43,55,36
08/17/2010,11,19,40,43,44,33
08/20/2010,04,13,20,29,48,36
08/24/2010,04,23,24,28,32,31
08/27/2010,04,10,26,32,41,31
08/31/2010,10,20,29,47,48,38
09/03/2010,10,13,20,28,36,09
09/07/2010,08,18,22,24,38,23
09/10/2010,11,12,17,21,23,20
09/14/2010,06,14,50,55,56,01
09/17/2010,03,04,14,18,27,13
09/21/2010,03,20,43,47,52,26
09/24/2010,02,28,38,42,55,25
09/28/2010,02,10,13,36,38,18
10/01/2010,03,08,21,28,52,43
10/05/2010,10,19,24,37,44,27
10/08/2010,24,29,37,48,50,19
10/12/2010,10,31,36,37,43,15
10/15/2010,09,10,13,31,50,10
10/19/2010,02,09,14,37,42,41
10/22/2010,02,07,18,32,53,18
10/26/2010,15,21,30,31,32,26
10/29/2010,04,19,26,28,39,14
11/02/2010,01,03,12,16,54,46
11/05/2010,19,25,34,46,53,15
11/09/2010,08,26,28,33,53,11
11/12/2010,09,26,28,35,38,10
11/16/2010,01,26,27,39,46,21
11/19/2010,07,14,31,51,54,35
11/23/2010,02,06,12,34,35,33
11/26/2010,05,09,34,43,47,08
11/30/2010,11,16,19,47,53,02
12/03/2010,06,11,12,18,56,12
12/07/2010,04,38,45,53,54,09
12/10/2010,23,27,33,44,46,36
12/14/2010,18,22,25,31,38,29
12/17/2010,11,20,26,46,53,12
12/21/2010,08,11,12,31,32,29
12/24/2010,15,16,27,40,52,16
12/28/2010,06,18,36,40,49,07
12/31/2010,10,12,13,35,56,09
01/04/2011,04,08,15,25,47,42
01/07/2011,04,22,42,46,53,20
01/11/2011,01,04,11,16,45,37
01/14/2011,02,15,17,33,35,08
01/18/2011,04,27,29,38,45,05
01/21/2011,05,09,21,35,38,20
01/25/2011,05,08,31,46,50,04
01/28/2011,14,33,48,49,50,18
02/01/2011,16,22,23,26,35,31
02/04/2011,06,20,29,48,55,06
02/08/2011,25,35,36,47,48,18
02/11/2011,08,09,17,32,34,13
02/15/2011,17,18,24,35,39,18
02/18/2011,05,06,07,30,45,42
02/22/2011,15,22,23,48,55,31
02/25/2011,04,05,17,19,50,07
03/01/2011,01,12,19,20,47,25
03/04/2011,08,10,15,23,41,07
03/08/2011,03,17,19,41,55,24
03/11/2011,14,19,21,42,45,06
03/15/2011,10,11,12,28,43,45
03/18/2011,14,33,34,54,56,37
03/22/2011,01,14,35,50,53,43
03/25/2011,22,24,31,52,54,04
03/29/2011,06,15,23,34,38,43
04/01/2011,13,14,35,36,53,19
04/05/2011,01,19,20,31,36,09
04/08/2011,06,40,45,50,56,11
04/12/2011,10,23,39,41,45,15
04/15/2011,22,23,33,39,48,29
04/19/2011,20,24,32,45,51,43
04/22/2011,03,18,46,51,53,17
04/26/2011,19,29,32,38,55,15
04/29/2011,09,10,11,33,51,29
05/03/2011,01,16,29,36,50,16
05/06/2011,06,18,26,37,41,09
05/10/2011,11,16,34,40,51,34
05/13/2011,03,33,39,47,53,09
05/17/2011,01,02,17,25,48,45
05/20/2011,10,17,19,45,48,30
05/24/2011,09,12,21,42,43,42
05/27/2011,05,07,14,28,56,10
05/31/2011,28,30,31,37,55,13
06/03/2011,20,23,41,49,53,31
06/07/2011,29,32,35,47,52,13
06/10/2011,18,21,27,37,38,07
06/14/2011,09,10,20,51,53,24
06/17/2011,12,29,46,47,51,24
06/21/2011,11,24,25,31,46,17
06/24/2011,10,14,40,49,51,04
06/28/2011,12,17,27,47,48,33
07/01/2011,12,17,30,35,47,26
07/05/2011,01,10,13,18,46,19
07/08/2011,01,02,22,37,50,45
07/12/2011,03,09,11,44,49,09
07/15/2011,16,29,30,46,56,06
07/19/2011,02,09,10,16,35,40
07/22/2011,23,31,32,39,56,38
07/26/2011,20,25,35,52,55,10
07/29/2011,08,10,22,47,48,35
08/02/2011,14,17,19,20,32,28
08/05/2011,06,24,28,33,42,19
08/09/2011,11,19,39,45,54,15
08/12/2011,09,43,51,54,55,13
08/16/2011,04,38,41,42,43,44
08/19/2011,05,15,53,54,56,22
08/23/2011,11,21,44,48,49,23
08/26/2011,02,03,27,30,47,36
08/30/2011,02,22,25,28,50,18
09/02/2011,25,44,48,49,55,20
09/06/2011,01,36,38,42,49,19
09/09/2011,07,12,19,23,31,45
09/13/2011,22,31,43,48,56,45
09/16/2011,06,23,41,45,56,24
09/20/2011,06,29,38,50,51,39
09/23/2011,21,27,32,40,52,36
09/27/2011,02,20,28,36,45,37
09/30/2011,03,19,21,44,45,29
10/04/2011,03,26,40,45,52,11
10/07/2011,05,15,19,23,38,19
10/11/2011,25,34,38,44,56,27
10/14/2011,13,35,42,45,54,26
10/18/2011,24,25,45,47,53,42
10/21/2011,06,21,35,37,38,17
10/25/2011,13,33,40,44,46,08
10/28/2011,13,31,49,52,56,41
11/01/2011,27,31,39,40,46,36
11/04/2011,26,30,32,33,44,01
11/08/2011,05,31,45,47,54,04
11/11/2011,02,16,22,29,50,27
11/15/2011,03,06,24,30,33,21
11/18/2011,04,13,33,39,55,03
11/22/2011,04,16,23,33,48,38
11/25/2011,22,28,42,49,54,43
11/29/2011,17,29,43,48,52,36
12/02/2011,24,30,48,51,56,45
12/06/2011,07,21,29,35,49,39
12/09/2011,04,12,29,49,51,44
12/13/2011,05,06,22,26,41,06
12/16/2011,02,04,26,36,39,27
12/20/2011,20,24,27,45,51,31
12/23/2011,03,05,08,18,29,14
12/27/2011,23,32,33,39,43,08
12/30/2011,04,24,45,46,52,01
01/03/2012,02,03,15,22,36,23
01/06/2012,09,17,28,34,48,46
01/10/2012,04,10,16,38,48,34
01/13/2012,10,27,28,37,51,19
01/17/2012,03,15,31,36,53,27
01/20/2012,01,09,28,38,47,08
01/24/2012,10,22,24,36,49,33
01/27/2012,03,05,30,36,48,23
01/31/2012,09,17,18,28,43,09
02/03/2012,07,19,21,49,53,35
02/07/2012,17,23,30,37,45,04
02/10/2012,03,04,18,29,50,20
02/14/2012,03,05,10,26,27,27
02/17/2012,16,25,28,32,40,03
02/21/2012,09,30,39,42,47,37
02/24/2012,01,16,18,25,27,03
02/28/2012,06,15,29,39,51,36
03/02/2012,16,29,48,52,54,05
03/06/2012,20,24,31,33,36,44
03/09/2012,09,10,27,36,42,11
03/13/2012,02,08,30,36,48,31
03/16/2012,28,29,43,51,53,07
03/20/2012,01,04,06,11,14,30
03/23/2012,06,17,19,20,21,20
03/27/2012,09,19,34,44,51,24
03/30/2012,02,04,23,38,46,23
04/03/2012,11,35,38,41,52,40
04/06/2012,02,19,20,24,33,39
04/10/2012,02,06,12,31,48,25
04/13/2012,09,14,17,36,42,33
04/17/2012,01,16,24,32,48,02
04/20/2012,14,23,26,33,35,40
04/24/2012,03,09,15,37,38,39
04/27/2012,02,05,45,46,47,37
05/01/2012,24,27,31,45,52,38
05/04/2012,04,11,21,42,53,38
05/08/2012,02,06,08,18,51,19
05/11/2012,03,15,29,35,54,08
05/15/2012,10,11,12,14,24,06
05/18/2012,03,11,22,34,49,01
05/22/2012,10,14,35,43,52,16
05/25/2012,09,15,21,40,54,11
05/29/2012,02,14,29,53,55,31
06/01/2012,02,27,38,46,52,45
06/05/2012,37,39,42,53,55,22
06/08/2012,04,09,34,40,48,25
06/12/2012,02,09,17,34,50,45
06/15/2012,08,12,18,30,40,04
06/19/2012,11,21,27,30,53,11
06/22/2012,10,16,19,32,36,13
06/26/2012,03,16,23,35,36,20
06/29/2012,28,34,39,45,53,34
07/03/2012,03,04,24,36,52,45
07/06/2012,20,23,28,35,39,21
07/10/2012,03,11,19,23,36,21
07/13/2012,06,07,13,24,46,34
07/17/2012,01,13,21,49,55,17
07/20/2012,02,44,48,50,52,03
07/24/2012,05,09,38,46,51,05
07/27/2012,02,03,04,08,43,26
07/31/2012,05,18,21,29,41,37
08/03/2012,02,10,13,38,46,02
08/07/2012,30,32,33,42,48,07
08/10/2012,10,18,36,38,44,08
08/14/2012,15,23,34,39,55,32
08/17/2012,08,20,24,35,56,24
08/21/2012,05,13,20,23,33,30
08/24/2012,25,34,45,46,49,34
08/28/2012,04,09,40,45,50,39
08/31/2012,31,40,41,47,48,45
09/04/2012,16,32,39,41,53,16
09/07/2012,15,32,38,42,46,31
09/11/2012,05,11,20,33,36,11
09/14/2012,16,17,21,40,51,20
09/18/2012,05,09,22,36,49,36
09/21/2012,03,13,14,46,55,34
09/25/2012,07,08,23,50,51,26
09/28/2012,06,08,14,43,56,28
10/02/2012,10,11,20,42,55,09
10/05/2012,08,09,16,32,39,15
10/09/2012,06,15,16,22,37,03
10/12/2012,06,10,24,26,42,15
10/16/2012,13,37,40,46,52,29
10/19/2012,14,34,36,48,53,42
10/23/2012,01,17,42,46,55,01
10/26/2012,04,15,24,36,40,44
10/30/2012,05,12,18,29,56,38
11/02/2012,04,18,22,38,44,24
11/06/2012,03,05,13,32,35,06
11/09/2012,18,22,33,35,40,11
11/13/2012,06,12,31,46,56,34
11/16/2012,05,24,26,29,53,36
11/20/2012,09,13,22,38,52,44
11/23/2012,08,37,44,47,48,27
11/27/2012,05,12,26,42,49,24
11/30/2012,11,22,24,28,31,46
12/04/2012,03,19,24,32,43,44
12/07/2012,07,43,44,51,56,04
12/11/2012,39,44,51,52,54,13
12/14/2012,11,28,33,41,43,41
12/18/2012,01,06,07,18,29,16
12/21/2012,03,18,32,41,56,19
12/25/2012,02,03,18,34,48,36
12/28/2012,10,13,32,40,41,32
01/01/2013,04,11,21,25,44,29
01/04/2013,01,02,23,25,55,39
01/08/2013,03,20,21,38,42,19
01/11/2013,24,29,30,34,56,01
01/15/2013,01,06,12,19,41,14
01/18/2013,08,18,25,42,49,14
01/22/2013,07,11,16,39,54,13
01/25/2013,11,12,17,31,48,01
01/29/2013,08,12,27,46,47,06
02/01/2013,01,30,32,40,41,17
02/05/2013,02,05,10,26,44,46
02/08/2013,06,15,20,39,50,05
02/12/2013,09,22,32,38,55,44
02/15/2013,11,35,41,42,44,42
02/19/2013,01,15,19,30,56,28
02/22/2013,09,13,24,38,49,30
02/26/2013,06,07,13,15,43,07
03/01/2013,17,30,38,43,51,20
03/05/2013,06,20,39,41,46,42
03/08/2013,04,11,25,34,35,44
03/12/2013,09,12,19,20,30,39
03/15/2013,04,08,17,22,32,08
03/19/2013,03,06,14,21,37,35
03/22/2013,14,27,34,37,41,38
03/26/2013,20,33,46,49,51,46
03/29/2013,25,31,36,46,53,21
04/02/2013,07,10,14,40,47,34
04/05/2013,08,15,23,36,41,05
04/09/2013,17,30,41,48,54,13
04/12/2013,01,10,13,19,21,28
04/16/2013,02,05,15,18,39,42
04/19/2013,06,08,12,22,43,28
04/23/2013,09,21,22,32,50,10
04/26/2013,17,42,49,54,55,31
04/30/2013,21,30,34,39,49,43
05/03/2013,02,20,34,42,54,39
05/07/2013,01,06,13,20,51,31
05/10/2013,01,19,20,39,49,28
05/14/2013,06,10,12,28,32,38
05/17/2013,11,15,35,43,49,41
05/21/2013,02,15,17,48,55,11
05/24/2013,04,05,16,18,53,28
05/28/2013,04,12,25,32,54,36
05/31/2013,02,20,26,44,46,26
06/04/2013,10,11,12,20,55,19
06/07/2013,01,10,37,48,55,21
06/11/2013,15,40,45,50,53,28
06/14/2013,02,05,31,33,34,20
06/18/2013,06,17,34,40,48,30
06/21/2013,03,14,17,40,50,03
06/25/2013,03,05,28,33,51,16
06/28/2013,08,15,35,46,52,38
07/02/2013,36,42,51,52,53,40
07/05/2013,02,23,41,47,54,42
07/09/2013,03,21,43,45,48,14
07/12/2013,04,05,25,27,51,10
07/16/2013,10,14,21,40,53,20
07/19/2013,16,20,24,39,42,46
07/23/2013,25,32,35,50,51,46
07/26/2013,04,22,23,27,38,42
07/30/2013,25,27,36,42,44,39
08/02/2013,08,21,23,25,39,04
08/06/2013,01,11,16,51,55,41
08/09/2013,11,20,30,34,38,12
08/13/2013,02,31,32,37,41,40
08/16/2013,07,13,26,36,46,37
08/20/2013,13,28,35,38,41,33
08/23/2013,01,09,17,20,53,14
08/27/2013,04,07,30,36,38,38
08/30/2013,06,19,24,43,44,33
09/03/2013,04,13,14,28,41,28
09/06/2013,02,16,17,22,41,31
09/10/2013,02,12,18,54,56,01
09/13/2013,09,22,28,48,54,08
09/17/2013,06,15,27,31,39,25
09/20/2013,01,15,20,21,47,34
09/24/2013,04,11,32,39,40,33
09/27/2013,09,23,27,49,51,38
10/01/2013,07,10,30,37,53,01
10/04/2013,04,16,24,25,44,05
10/08/2013,06,15,19,23,40,05
10/11/2013,03,27,37,45,48,46
10/15/2013,04,23,30,43,50,11
10/18/2013,05,20,45,48,56,01
10/22/2013,02,03,19,52,71,14
10/25/2013,06,16,45,54,60,15
10/29/2013,20,33,50,53,54,07
11/01/2013,32,35,49,62,67,01
11/05/2013,02,11,42,64,74,02
11/08/2013,41,42,51,57,65,07
11/12/2013,20,30,32,42,71,15
11/15/2013,25,44,49,54,63,08
11/19/2013,14,15,29,49,63,02
11/22/2013,17,23,35,36,44,08
11/26/2013,27,44,59,74,75,03
11/29/2013,09,41,43,47,57,05
12/03/2013,07,12,41,44,59,03
12/06/2013,11,29,44,63,64,03
12/10/2013,05,12,22,41,65,13
12/13/2013,19,24,26,27,70,12
12/17/2013,08,14,17,20,39,07
12/20/2013,03,04,31,49,57,06
12/24/2013,23,34,53,58,73,02
12/27/2013,04,15,35,48,49,11
12/31/2013,08,12,34,52,58,08
01/03/2014,22,24,25,40,70,05
01/07/2014,13,34,56,62,64,06
01/10/2014,08,28,36,37,57,08
01/14/2014,04,23,26,62,69,13
01/17/2014,01,10,26,31,51,11
01/21/2014,08,23,33,45,52,04
01/24/2014,22,45,46,47,65,10
01/28/2014,07,16,28,53,60,02
01/31/2014,03,09,13,47,52,08
02/04/2014,25,44,49,60,73,09
02/07/2014,11,21,23,35,64,10
02/11/2014,43,64,67,71,73,04
02/14/2014,20,28,35,71,72,07
02/18/2014,23,29,31,37,70,14
02/21/2014,23,29,32,45,46,15
02/25/2014,12,18,25,35,66,15
02/28/2014,03,31,50,58,59,06
03/04/2014,10,29,31,35,45,10
03/07/2014,11,13,51,57,69,01
03/11/2014,09,14,56,57,69,10
03/14/2014,07,20,40,54,69,12
03/18/2014,11,19,24,33,51,07
03/21/2014,02,23,30,35,53,10
03/25/2014,19,26,51,57,73,15
03/28/2014,02,03,09,50,73,12
04/01/2014,10,23,68,74,75,09
04/04/2014,01,10,15,41,54,09
04/08/2014,35,36,41,60,71,03
04/11/2014,03,42,44,47,57,08
04/15/2014,04,39,46,47,70,13
04/18/2014,18,25,38,45,63,09
04/22/2014,02,18,19,49,50,01
04/25/2014,03,11,18,20,66,09
04/29/2014,07,43,59,61,66,03
05/02/2014,01,18,26,35,40,13
05/06/2014,18,20,27,48,51,05
05/09/2014,10,28,39,51,59,14
05/13/2014,37,46,48,70,74,01
05/16/2014,13,14,16,50,56,11
05/20/2014,10,40,63,64,69,07
05/23/2014,12,14,21,38,70,15
05/27/2014,01,06,10,46,58,13
05/30/2014,10,13,42,43,62,02
06/03/2014,19,28,62,66,74,06
06/06/2014,12,29,37,49,72,09
06/10/2014,02,10,24,26,74,07
06/13/2014,07,38,46,49,56,01
06/17/2014,10,14,24,47,60,03
06/20/2014,01,22,25,29,56,03
06/24/2014,13,17,24,47,65,10
06/27/2014,15,29,31,46,64,10
07/01/2014,09,22,38,47,49,15
07/04/2014,16,33,39,58,69,02
07/08/2014,14,25,27,48,49,09
07/11/2014,09,13,30,35,69,10
07/15/2014,02,04,17,36,40,05
07/18/2014,05,08,59,65,72,03
07/22/2014,14,18,22,31,47,15
07/25/2014,22,29,33,41,68,12
07/29/2014,02,08,16,43,74,01
08/01/2014,13,29,34,37,72,06
08/05/2014,25,28,36,45,53,06
08/08/2014,09,16,61,70,75,07
08/12/2014,32,53,60,63,68,06
08/15/2014,16,19,28,29,68,09
08/19/2014,22,39,56,67,71,15
08/22/2014,05,31,34,41,74,03
08/26/2014,29,31,51,60,64,01
08/29/2014,03,26,45,58,73,12
09/02/2014,01,08,54,69,72,01
09/05/2014,07,12,20,24,59,07
09/09/2014,25,34,55,70,71,01
09/12/2014,18,28,33,36,42,07
09/16/2014,25,45,51,53,73,02
09/19/2014,16,25,27,29,34,02
09/23/2014,21,24,25,40,43,12
09/26/2014,17,26,35,46,62,09
09/30/2014,03,16,52,54,61,06
10/03/2014,03,20,34,58,67,06
10/07/2014,16,29,46,48,55,02
10/10/2014,02,32,35,50,59,03
10/14/2014,11,37,46,64,68,15
10/17/2014,21,31,43,56,60,12
10/21/2014,05,35,37,41,66,11
10/24/2014,02,14,21,28,55,03
10/28/2014,03,50,57,58,60,11
10/31/2014,11,29,36,58,67,15
11/04/2014,09,15,24,39,41,01
11/07/2014,31,35,41,65,66,05
11/11/2014,23,25,28,30,75,11
11/14/2014,03,49,61,62,68,15
11/18/2014,37,39,53,68,75,06
11/21/2014,03,12,35,37,63,15
11/25/2014,10,11,29,47,56,04
11/28/2014,08,26,29,36,47,10
12/02/2014,13,18,22,49,62,11
12/05/2014,04,05,11,51,59,05
12/09/2014,27,45,49,51,52,14
12/12/2014,02,31,46,58,65,07
12/16/2014,41,58,68,72,73,01
12/19/2014,14,18,58,59,68,04
12/23/2014,04,10,31,56,66,07
12/26/2014,02,05,10,20,38,14
12/30/2014,03,07,44,63,67,12
01/02/2015,13,15,35,62,74,12
01/06/2015,12,20,27,38,75,04
01/09/2015,37,49,50,56,57,08
01/13/2015,12,20,25,50,51,07
01/16/2015,26,32,44,45,58,11
01/20/2015,31,35,56,59,63,06
01/23/2015,14,15,32,68,72,08
01/27/2015,05,26,27,44,57,07
01/30/2015,18,31,39,45,55,06
02/03/2015,11,22,25,58,69,13
02/06/2015,05,06,17,33,68,13
02/10/2015,07,42,53,58,71,15
02/13/2015,04,20,44,65,74,14
02/17/2015,06,45,50,65,66,01
02/20/2015,02,06,08,52,66,13
02/24/2015,15,23,26,45,66,04
02/27/2015,07,49,53,60,64,04
03/03/2015,09,11,42,44,50,03
03/06/2015,30,48,55,68,73,05
03/10/2015,10,14,19,30,73,14
03/13/2015,08,22,30,42,45,03
03/17/2015,11,27,44,45,58,03
03/20/2015,07,50,54,61,75,07
03/24/2015,02,23,32,45,55,12
03/27/2015,17,21,36,58,70,03
03/31/2015,08,26,41,61,73,11
04/03/2015,10,36,47,63,74,02
04/07/2015,05,15,22,26,64,06
04/10/2015,06,11,32,46,68,09
04/14/2015,03,07,25,68,71,03
04/17/2015,15,18,29,41,50,05
04/21/2015,31,33,35,41,69,11
04/24/2015,24,25,29,47,67,04
04/28/2015,22,27,55,58,63,11
05/01/2015,17,18,61,66,74,03
05/05/2015,11,21,42,62,71,07
05/08/2015,09,21,25,66,72,07
05/12/2015,14,30,33,36,44,02
05/15/2015,11,17,21,36,74,15
05/19/2015,10,12,21,29,65,10
05/22/2015,03,14,15,25,48,08
05/26/2015,01,39,52,69,72,12
05/29/2015,20,27,38,49,66,02
06/02/2015,02,09,11,22,23,12
06/05/2015,07,22,27,41,49,10
06/09/2015,06,16,17,25,36,07
06/12/2015,01,40,42,56,62,02
06/16/2015,08,19,26,56,67,14
06/19/2015,04,35,36,52,68,08
06/23/2015,06,13,38,56,70,02
06/26/2015,12,23,33,47,50,03
06/30/2015,11,17,34,43,50,15
07/03/2015,33,50,64,71,72,09
07/07/2015,06,15,16,28,49,14
07/10/2015,24,27,45,51,54,08
07/14/2015,19,24,30,35,72,05
07/17/2015,06,17,30,31,41,15
07/21/2015,20,30,62,65,74,01
07/24/2015,10,12,26,60,62,13
07/28/2015,08,35,61,68,75,15
07/31/2015,28,32,33,40,46,10
08/04/2015,02,19,44,51,57,14
08/07/2015,01,38,53,63,66,10
08/11/2015,03,08,29,57,68,08
08/14/2015,12,15,20,52,71,03
08/18/2015,02,07,33,39,53,09
08/21/2015,13,15,21,41,72,01
08/25/2015,05,44,54,59,63,01
08/28/2015,13,35,40,60,68,09
09/01/2015,02,05,35,40,54,13
09/04/2015,17,21,39,52,57,05
09/08/2015,19,20,36,41,46,07
09/11/2015,05,11,31,50,67,14
09/15/2015,07,20,35,49,56,09
09/18/2015,17,34,35,51,65,07
09/22/2015,28,30,38,45,51,08
09/25/2015,03,08,38,51,64,04
09/29/2015,08,21,30,61,62,09
10/02/2015,04,14,29,31,47,09
10/06/2015,17,58,63,64,66,13
10/09/2015,08,09,21,63,75,14
10/13/2015,07,09,24,38,52,01
10/16/2015,02,38,48,61,68,04
10/20/2015,06,25,35,38,52,04
10/23/2015,25,32,37,45,70,01
10/27/2015,09,26,27,29,74,04
10/30/2015,17,41,51,53,56,15
11/03/2015,16,29,44,69,74,12
11/06/2015,10,31,35,50,72,08
11/10/2015,08,17,20,45,71,04
11/13/2015,17,18,31,35,59,09
11/17/2015,12,14,18,24,61,10
11/20/2015,09,12,29,37,67,15
11/24/2015,02,19,30,38,70,08
11/27/2015,16,20,39,56,59,12
12/01/2015,05,07,25,50,59,12
12/04/2015,26,42,47,61,73,06
12/08/2015,07,17,37,49,73,15
12/11/2015,14,20,43,54,69,05
12/15/2015,18,25,47,51,61,05
12/18/2015,06,23,24,28,62,07
12/22/2015,11,21,40,50,70,15
12/25/2015,15,25,29,44,51,04
12/29/2015,20,25,55,62,74,07
01/01/2016,07,18,37,38,39,09
01/05/2016,01,04,36,48,57,13
01/08/2016,11,39,51,57,75,02
01/12/2016,15,27,29,31,48,15
01/15/2016,29,41,53,54,70,12
01/19/2016,02,17,31,39,47,09
01/22/2016,21,25,40,46,56,03
01/26/2016,14,27,39,50,69,02
01/29/2016,20,28,49,51,52,06
02/02/2016,07,13,25,51,70,09
02/05/2016,04,06,23,55,75,02
02/09/2016,03,42,46,56,71,13
02/12/2016,01,07,44,68,73,01
02/16/2016,09,31,33,46,64,04
02/19/2016,02,27,41,50,75,04
02/23/2016,16,32,39,53,57,10
02/26/2016,03,15,19,62,74,14
03/01/2016,01,29,33,34,55,06
03/04/2016,21,26,33,48,73,14
03/08/2016,27,37,54,66,69,05
03/11/2016,14,18,48,54,71,13
03/15/2016,18,26,30,44,68,07
03/18/2016,05,08,57,59,73,13
03/22/2016,06,19,34,38,70,05
03/25/2016,04,11,12,35,46,12
03/29/2016,33,38,40,46,49,15
04/01/2016,25,28,33,41,69,06
04/05/2016,13,45,52,53,57,10
04/08/2016,31,38,52,65,71,15
04/12/2016,07,11,59,62,63,03
04/15/2016,09,10,34,37,73,09
04/19/2016,09,28,40,57,65,02
04/22/2016,02,19,21,42,60,13
04/26/2016,14,16,17,28,48,02
04/29/2016,05,06,37,55,74,10
05/03/2016,28,29,33,36,45,15
05/06/2016,14,26,27,32,36,07
05/10/2016,12,22,46,56,74,04
05/13/2016,20,21,38,54,66,07
05/17/2016,17,24,27,48,75,06
05/20/2016,19,24,26,40,68,08
05/24/2016,11,50,51,70,75,15
05/27/2016,18,41,50,68,70,09
05/31/2016,09,31,34,41,49,08
06/03/2016,32,54,65,66,71,10
06/07/2016,25,48,51,65,72,04
06/10/2016,34,61,66,67,68,07
06/14/2016,36,37,38,52,62,06
06/17/2016,20,23,30,44,59,09
06/21/2016,06,13,21,49,50,10
06/24/2016,11,14,54,57,63,11
06/28/2016,15,17,20,35,55,07
07/01/2016,20,41,42,45,49,14
07/05/2016,29,46,53,64,73,10
07/08/2016,08,19,20,55,73,05
07/12/2016,06,08,22,46,68,04
07/15/2016,16,51,52,56,58,04
07/19/2016,03,34,54,65,66,04
07/22/2016,08,24,25,26,30,07
07/26/2016,01,04,31,36,54,09
07/29/2016,11,16,19,31,48,04
08/02/2016,03,12,36,54,70,12
08/05/2016,05,18,28,54,74,06
08/09/2016,12,19,20,44,66,01
08/12/2016,04,41,44,56,69,10
08/16/2016,02,43,52,62,63,06
08/19/2016,22,37,45,65,73,13
08/23/2016,02,07,46,61,66,01
08/26/2016,10,11,31,41,44,14
08/30/2016,28,32,41,51,71,11
09/02/2016,22,28,41,46,60,03
09/06/2016,25,37,58,69,75,08
09/09/2016,01,34,43,44,63,11
09/13/2016,06,15,17,39,56,15
09/16/2016,13,21,28,34,40,15
09/20/2016,02,22,34,62,72,02
09/23/2016,01,05,08,25,62,14
09/27/2016,14,16,26,53,72,04
09/30/2016,21,30,47,50,57,09
10/04/2016,18,29,30,54,66,01
10/07/2016,24,37,42,50,65,14
10/11/2016,36,39,42,45,48,03
10/14/2016,07,27,60,64,74,05
10/18/2016,07,24,28,65,74,01
10/21/2016,12,43,44,48,66,03
10/25/2016,08,09,24,49,67,13
10/28/2016,07,38,46,57,66,02
11/01/2016,19,24,31,39,45,13
11/04/2016,10,29,32,44,46,10
11/08/2016,46,48,53,61,74,12
11/11/2016,16,40,47,53,59,11
11/15/2016,09,17,23,57,71,06
11/18/2016,31,32,49,55,58,15
11/22/2016,01,43,45,66,69,07
11/25/2016,44,47,49,69,75,10
11/29/2016,22,33,49,51,59,08
12/02/2016,03,33,35,49,51,01
12/06/2016,13,34,48,53,63,12
12/09/2016,19,27,47,67,68,01
12/13/2016,02,15,26,34,41,14
12/16/2016,01,08,15,36,43,06
12/20/2016,01,12,14,48,65,02
12/23/2016,21,30,39,60,69,15
12/27/2016,02,28,30,38,39,11
12/30/2016,06,21,33,39,43,02
01/03/2017,14,16,23,49,53,12
01/06/2017,06,10,44,47,54,06
01/10/2017,11,20,40,41,59,15
01/13/2017,10,44,58,74,75,11
01/17/2017,20,31,54,56,59,03
01/20/2017,07,09,24,41,53,14
01/24/2017,08,42,54,63,67,11
01/27/2017,17,37,53,54,61,08
01/31/2017,03,14,27,62,72,04
02/03/2017,03,06,29,30,64,03
02/07/2017,23,28,37,56,71,12
02/10/2017,32,39,51,62,75,14
02/14/2017,07,11,33,60,68,15
02/17/2017,04,56,58,67,75,08
02/21/2017,09,21,30,32,75,09
02/24/2017,12,29,33,42,68,14
02/28/2017,20,33,45,58,69,04
03/03/2017,14,26,39,48,51,09
03/07/2017,03,30,45,53,68,11
03/10/2017,26,38,42,58,70,05
03/14/2017,16,23,28,33,59,13
03/17/2017,11,27,31,58,60,10
03/21/2017,04,45,53,73,75,07
03/24/2017,05,28,37,61,69,01
03/28/2017,30,33,35,37,46,10
03/31/2017,17,24,27,32,58,10
04/04/2017,13,24,34,35,55,09
04/07/2017,30,33,43,47,69,15
04/11/2017,19,34,35,38,49,08
04/14/2017,05,10,55,60,73,12
04/18/2017,08,29,30,43,64,06
04/21/2017,01,12,13,32,34,10
04/25/2017,03,13,33,40,50,02
04/28/2017,06,13,18,20,31,13
05/02/2017,05,14,42,43,58,01
05/05/2017,04,23,33,47,53,07
05/09/2017,06,29,45,69,73,11
05/12/2017,28,34,41,42,47,13
05/16/2017,04,35,39,56,72,11
05/19/2017,01,04,05,24,30,01
05/23/2017,06,13,17,33,60,14
05/26/2017,25,26,28,37,56,05
05/30/2017,05,20,32,37,67,05
06/02/2017,07,42,57,69,72,10
06/06/2017,03,05,16,49,75,05
06/09/2017,03,16,28,33,37,09
06/13/2017,27,51,62,68,75,08
06/16/2017,18,22,26,30,44,09
06/20/2017,02,15,41,49,63,03
06/23/2017,12,20,53,66,74,11
06/27/2017,04,21,45,52,57,14
06/30/2017,10,38,51,55,64,06
07/04/2017,16,39,47,53,71,15
07/07/2017,02,09,11,28,60,10
07/11/2017,07,18,24,55,74,10
07/14/2017,11,12,24,32,73,01
07/18/2017,08,12,23,51,73,06
07/21/2017,18,31,36,50,74,10
07/25/2017,02,05,26,58,60,06
07/28/2017,04,06,31,49,52,11
08/01/2017,20,22,52,57,73,07
08/04/2017,09,17,25,63,71,04
08/08/2017,11,17,50,52,74,14
08/11/2017,23,33,53,56,58,06
08/15/2017,07,16,20,66,73,07
08/18/2017,01,31,34,40,75,06
08/22/2017,24,35,46,50,51,07
08/25/2017,17,38,42,51,65,11
08/29/2017,02,13,17,35,73,03
09/01/2017,04,13,31,50,64,12
09/05/2017,11,17,59,70,72,01
09/08/2017,04,05,14,26,73,14
09/12/2017,26,37,41,54,65,03
09/15/2017,18,24,34,38,58,03
09/19/2017,09,28,31,50,61,10
09/22/2017,05,39,54,63,66,15
09/26/2017,01,10,57,66,75,04
09/29/2017,25,51,62,73,74,07
10/03/2017,12,18,19,25,67,07
10/06/2017,21,33,36,45,56,12
10/10/2017,07,16,24,61,62,02
10/13/2017,02,07,18,26,31,12
10/17/2017,31,45,49,56,70,11
10/20/2017,06,23,63,66,73,09
10/24/2017,20,24,34,56,64,06
10/27/2017,17,27,41,51,52,13
10/31/2017,06,28,31,52,53,12
11/03/2017,10,22,42,61,69,03
11/07/2017,01,54,60,68,69,11
11/10/2017,06,23,38,42,58,24
11/14/2017,01,14,21,22,28,19
11/17/2017,03,26,55,58,70,15
11/21/2017,03,07,22,27,50,03
11/24/2017,16,36,54,61,64,22
11/28/2017,10,17,47,51,61,05
12/01/2017,16,22,40,41,59,08
12/05/2017,14,15,37,42,67,22
12/08/2017,06,37,46,60,70,24
12/12/2017,08,23,24,25,27,09
12/15/2017,04,12,36,44,57,19
12/19/2017,28,37,39,42,58,02
12/22/2017,01,20,30,33,42,16
12/26/2017,10,12,20,38,41,25
12/29/2017,04,10,18,28,62,07
01/02/2018,01,42,47,64,70,22
01/05/2018,28,30,39,59,70,10
01/09/2018,16,29,31,65,67,23
01/12/2018,17,18,33,46,60,24
01/16/2018,03,11,23,29,59,18
01/19/2018,03,17,23,49,66,23
01/23/2018,02,06,30,31,55,07
01/26/2018,10,16,27,38,43,01
01/30/2018,29,41,42,49,57,24
02/02/2018,01,04,14,17,40,04
02/06/2018,14,17,25,48,58,25
02/09/2018,28,34,41,46,47,14
02/13/2018,05,12,15,46,49,01
02/16/2018,14,38,48,53,58,16
02/20/2018,17,19,23,24,43,14
02/23/2018,07,11,13,19,58,09
02/27/2018,10,17,21,38,43,23
03/02/2018,24,28,42,60,64,08
03/06/2018,01,04,26,35,39,22
03/09/2018,07,17,18,46,66,22
03/13/2018,06,30,58,60,61,17
03/16/2018,01,13,26,33,52,11
03/20/2018,14,38,51,64,70,09
03/23/2018,04,08,23,53,59,17
03/27/2018,07,25,43,56,59,13
03/30/2018,11,28,31,46,59,01
04/03/2018,04,29,39,42,62,14
04/06/2018,16,33,51,54,67,20
04/10/2018,05,13,31,43,53,20
04/13/2018,08,09,32,42,59,10
04/17/2018,12,34,44,47,65,22
04/20/2018,01,15,18,32,45,04
04/24/2018,03,19,31,32,48,10
04/27/2018,02,29,38,63,66,11
05/01/2018,02,07,20,55,70,01
05/04/2018,04,05,10,12,18,21
05/08/2018,08,15,39,64,67,13
05/11/2018,14,38,40,53,70,22
05/15/2018,21,34,44,49,61,21
05/18/2018,09,26,53,64,66,11
05/22/2018,16,17,21,36,48,09
05/25/2018,11,14,51,64,68,25
05/29/2018,02,11,55,58,67,02
06/01/2018,05,24,52,62,66,17
06/05/2018,22,33,41,48,52,04
06/08/2018,14,30,33,44,56,13
06/12/2018,01,03,05,08,70,03
06/15/2018,01,11,37,47,51,06
06/19/2018,11,13,28,65,70,14
06/22/2018,02,06,11,27,44,20
06/26/2018,17,25,29,39,60,19
06/29/2018,02,32,47,49,68,23
07/03/2018,13,35,45,49,68,23
07/06/2018,02,10,46,50,56,16
07/10/2018,01,17,28,56,70,14
07/13/2018,21,22,39,59,68,02
07/17/2018,40,41,61,66,67,12
07/20/2018,01,14,30,44,62,01
07/24/2018,01,02,04,19,29,20
07/27/2018,01,32,40,49,63,20
07/31/2018,12,15,35,64,69,09
08/03/2018,09,28,30,54,60,02
08/07/2018,02,13,15,21,62,02
08/10/2018,01,03,12,22,42,06
08/14/2018,11,26,44,45,46,11
08/17/2018,01,31,32,47,56,03
08/21/2018,14,16,19,38,57,11
08/24/2018,01,06,13,18,49,08
08/28/2018,03,20,33,34,41,20
08/31/2018,07,18,29,32,45,17
09/04/2018,02,07,25,35,44,03
09/07/2018,08,10,41,54,68,10
09/11/2018,15,30,51,62,67,19
09/14/2018,23,30,40,43,66,13
09/18/2018,31,32,43,63,68,17
09/21/2018,01,02,11,52,64,09
09/25/2018,08,16,32,48,61,12
09/28/2018,39,45,52,56,59,15
10/02/2018,02,22,29,31,34,01
10/05/2018,27,28,32,41,69,12
10/09/2018,20,22,39,54,60,18
10/12/2018,04,24,46,61,70,07
10/16/2018,03,45,49,61,69,09
10/19/2018,15,23,53,65,70,07
10/23/2018,05,28,62,65,70,05
10/26/2018,01,28,61,62,63,05
10/30/2018,20,31,39,46,49,23
11/02/2018,03,23,28,46,62,16
11/06/2018,28,34,37,56,69,12
11/09/2018,08,14,27,57,67,05
11/13/2018,34,46,57,65,69,11
11/16/2018,33,36,63,68,69,16
11/20/2018,10,16,31,42,66,10
11/23/2018,07,10,30,33,59,23
11/27/2018,12,24,37,42,57,18
11/30/2018,25,28,40,43,63,19
12/04/2018,28,31,41,42,50,04
12/07/2018,04,10,20,33,57,13
12/11/2018,04,38,39,54,59,12
12/14/2018,05,22,26,43,49,23
12/18/2018,13,22,32,60,69,09
12/21/2018,10,13,61,62,70,05
12/25/2018,02,08,42,43,50,06
12/28/2018,09,10,25,37,38,21
01/01/2019,34,44,57,62,70,14
01/04/2019,21,29,35,54,60,15
01/08/2019,13,26,29,38,64,05
01/11/2019,04,05,31,62,69,20
01/15/2019,29,52,58,60,62,07
01/18/2019,02,43,48,62,64,24
01/22/2019,04,15,37,59,64,16
01/25/2019,08,16,30,38,61,10
01/29/2019,10,33,53,54,62,22
02/01/2019,02,37,48,66,68,11
02/05/2019,03,34,36,59,66,07
02/08/2019,14,24,31,42,48,13
02/12/2019,15,32,39,50,65,07
02/15/2019,10,38,40,43,65,12
02/19/2019,17,24,34,56,65,03
02/22/2019,18,24,31,34,55,04
02/26/2019,10,12,14,24,60,20
03/01/2019,29,33,39,60,66,21
03/05/2019,15,20,32,37,52,06
03/08/2019,04,09,42,62,68,07
03/12/2019,10,12,16,49,57,18
03/15/2019,03,29,56,62,64,04
03/19/2019,10,42,53,67,68,15
03/22/2019,07,36,58,60,62,10
03/26/2019,04,14,22,43,58,09
03/29/2019,05,14,15,62,66,03
04/02/2019,33,47,58,59,64,25
04/05/2019,08,22,24,38,64,21
04/09/2019,11,22,34,44,58,09
04/12/2019,01,24,25,40,70,04
04/16/2019,11,29,34,48,54,10
04/19/2019,18,25,43,44,57,25
04/23/2019,07,24,30,48,67,09
04/26/2019,09,17,23,30,46,10
04/30/2019,24,37,41,61,70,20
05/03/2019,08,16,22,66,68,11
05/07/2019,03,06,34,54,63,19
05/10/2019,03,16,21,61,62,19
05/14/2019,11,59,66,67,68,18
05/17/2019,05,17,28,32,63,11
05/21/2019,10,50,55,56,58,15
05/24/2019,14,41,44,56,62,10
05/28/2019,09,21,34,42,50,21
05/31/2019,07,08,26,65,67,04
06/04/2019,25,37,46,48,68,25
06/07/2019,17,19,27,40,68,02
06/11/2019,20,34,39,43,57,13
06/14/2019,19,40,47,57,65,06
06/18/2019,12,14,22,24,48,21
06/21/2019,13,30,36,48,62,18
06/25/2019,24,33,45,47,61,17
06/28/2019,02,35,49,53,63,01
07/02/2019,03,25,37,40,55,13
07/05/2019,06,38,47,57,63,12
07/09/2019,12,26,40,48,64,01
07/12/2019,08,25,38,56,59,07
07/16/2019,08,16,31,48,52,23
07/19/2019,16,18,28,33,67,14
07/23/2019,01,04,23,40,45,11
07/26/2019,04,06,11,43,48,11
07/30/2019,10,24,28,33,38,06
08/02/2019,11,20,26,48,70,19
08/06/2019,11,17,31,43,55,16
08/09/2019,15,53,56,59,63,01
08/13/2019,07,27,31,34,51,05
08/16/2019,04,14,24,26,46,14
08/20/2019,08,14,25,51,63,04
08/23/2019,11,15,37,54,68,21
08/27/2019,08,12,23,39,43,06
08/30/2019,03,09,11,34,39,10
09/03/2019,13,20,27,61,62,05
09/06/2019,04,11,13,19,31,10
09/10/2019,34,47,48,50,55,24
09/13/2019,06,16,37,59,62,05
09/17/2019,12,15,30,50,65,01
09/20/2019,23,24,42,48,53,22
09/24/2019,06,14,24,42,46,09
09/27/2019,12,20,31,43,45,20
10/01/2019,10,17,39,42,59,03
10/04/2019,11,38,44,48,70,17
10/08/2019,05,08,10,17,48,23
10/11/2019,14,22,30,37,60,08
10/15/2019,04,12,14,35,70,02
10/18/2019,18,58,60,65,67,20
10/22/2019,05,11,14,23,25,10
10/25/2019,16,24,25,52,60,06
10/29/2019,04,09,17,27,39,22
11/01/2019,09,20,36,41,54,22
11/05/2019,02,09,24,49,54,19
11/08/2019,03,04,10,39,58,14
11/12/2019,19,30,44,56,65,24
11/15/2019,12,19,34,35,68,20
11/19/2019,22,43,44,47,66,22
11/22/2019,07,12,17,49,53,24
11/26/2019,08,27,29,38,43,13
11/29/2019,06,08,31,50,65,09
12/03/2019,23,43,60,63,69,19
12/06/2019,20,31,40,46,61,20
12/10/2019,18,31,46,54,61,25
12/13/2019,17,21,29,39,56,22
12/17/2019,22,30,53,55,56,16
12/20/2019,03,20,23,35,60,16
12/24/2019,27,37,48,63,66,11
12/27/2019,17,34,40,63,64,24
12/31/2019,30,44,49,53,56,11
01/03/2020,37,41,42,53,63,16
01/07/2020,25,40,41,52,56,21
01/10/2020,17,27,49,51,66,02
01/14/2020,09,11,13,31,47,11
01/17/2020,03,25,30,54,70,09
01/21/2020,16,18,29,31,37,08
01/24/2020,03,04,18,23,38,24
01/28/2020,17,36,47,51,62,21
01/31/2020,28,31,33,57,62,19
02/04/2020,32,48,50,51,64,10
02/07/2020,09,14,27,36,52,04
02/11/2020,04,06,32,52,64,06
02/14/2020,10,32,48,54,55,18
02/18/2020,06,12,39,61,70,04
02/21/2020,04,07,13,16,60,06
02/25/2020,02,09,43,49,63,15
02/28/2020,02,03,14,41,64,17
03/03/2020,08,12,33,56,64,02
03/06/2020,15,48,56,58,70,04
03/10/2020,06,17,48,54,69,12
03/13/2020,07,22,37,43,44,22
03/17/2020,20,27,28,58,59,25
03/20/2020,34,35,41,45,54,05
03/24/2020,02,08,16,18,31,14
03/27/2020,03,25,28,50,60,01
03/31/2020,08,17,51,57,70,02
04/03/2020,24,38,44,57,58,17
04/07/2020,25,33,43,51,68,20
04/10/2020,02,11,21,57,60,13
04/14/2020,29,47,65,69,70,07
04/17/2020,13,35,39,46,55,14
04/21/2020,13,15,24,67,70,17
04/24/2020,01,27,32,60,67,18
04/28/2020,13,19,53,54,63,17
05/01/2020,28,30,31,35,66,14
05/05/2020,07,13,17,21,45,14
05/08/2020,05,20,22,61,70,04
05/12/2020,07,16,27,44,52,05
05/15/2020,11,17,32,33,46,25
05/19/2020,08,19,25,36,66,09
05/22/2020,08,10,20,44,46,18
05/26/2020,34,52,58,59,62,04
05/29/2020,10,13,32,41,51,03
06/02/2020,09,20,23,26,29,08
06/05/2020,32,35,37,47,55,22
06/09/2020,01,05,09,10,23,22
06/12/2020,09,14,57,67,70,02
06/16/2020,21,23,33,35,42,06
06/19/2020,11,34,36,52,66,07
06/23/2020,06,20,37,40,48,15
06/26/2020,19,33,37,56,57,06
06/30/2020,09,16,29,37,53,11
07/03/2020,20,40,44,45,50,24
07/07/2020,16,20,25,30,43,18
07/10/2020,10,15,20,49,53,22
07/14/2020,06,26,55,56,64,22
07/17/2020,12,13,21,46,57,21
07/21/2020,14,25,26,41,43,15
07/24/2020,08,33,39,54,58,17
07/28/2020,17,20,27,31,34,19
07/31/2020,12,35,46,48,69,23
08/04/2020,02,22,30,42,62,20
08/07/2020,04,44,53,64,70,03
08/11/2020,08,22,29,43,56,09
08/14/2020,03,24,29,42,47,13
08/18/2020,04,18,26,27,58,23
08/21/2020,11,15,31,42,63,14
08/25/2020,08,10,15,17,57,12
08/28/2020,03,09,50,53,64,01
09/01/2020,15,25,26,38,47,22
09/04/2020,19,22,24,28,53,25
09/08/2020,07,10,15,31,57,21
09/11/2020,03,15,42,48,56,13
09/15/2020,25,28,38,59,62,22
09/18/2020,26,29,41,52,64,11
09/22/2020,36,43,44,55,68,12
09/25/2020,20,36,37,48,67,16
09/29/2020,14,39,43,44,67,19
10/02/2020,09,38,47,49,68,25
10/06/2020,15,16,18,39,59,17
10/09/2020,05,11,25,27,64,13
10/13/2020,11,44,45,46,70,25
10/16/2020,27,32,50,52,57,12
10/20/2020,46,54,57,58,66,10
10/23/2020,18,34,44,60,69,22
10/27/2020,06,13,34,46,62,01
10/30/2020,14,19,34,39,59,11
11/03/2020,07,31,44,45,55,19
11/06/2020,18,24,27,34,60,02
11/10/2020,23,45,53,58,62,13
11/13/2020,06,07,14,28,59,07
11/17/2020,08,13,35,46,68,16
11/20/2020,26,33,45,61,68,17
11/24/2020,09,15,34,61,64,06
11/27/2020,04,10,27,35,58,10
12/01/2020,07,33,53,61,65,14
12/04/2020,03,19,24,44,50,08
12/08/2020,15,19,33,39,68,25
12/11/2020,19,31,37,55,67,25
12/15/2020,01,10,18,20,46,15
12/18/2020,07,15,25,51,60,05
12/22/2020,29,53,56,59,67,21
12/25/2020,17,23,36,69,70,19
12/29/2020,01,31,35,48,62,19
01/01/2021,08,24,53,68,69,07
01/05/2021,20,43,51,55,57,04
01/08/2021,03,06,16,18,58,11
01/12/2021,12,14,26,28,33,09
01/15/2021,03,11,12,38,43,15
01/19/2021,10,19,26,28,50,16
01/22/2021,04,26,42,50,60,24
01/26/2021,29,49,56,66,67,24
01/29/2021,04,44,58,59,70,03
02/02/2021,13,37,38,40,67,10
02/05/2021,14,17,28,29,44,02
02/09/2021,07,18,21,31,40,09
02/12/2021,05,14,24,25,27,14
02/16/2021,01,36,44,54,66,10
02/19/2021,27,32,47,50,53,04
02/23/2021,05,07,09,20,57,15
02/26/2021,11,15,37,62,64,05
03/02/2021,04,08,13,34,64,18
03/05/2021,10,11,17,27,54,20
03/09/2021,04,33,46,58,65,13
03/12/2021,02,24,25,31,65,18
03/16/2021,10,41,46,52,69,08
03/19/2021,09,14,40,58,69,08
03/23/2021,12,23,35,38,55,11
03/26/2021,04,25,37,46,67,15
03/30/2021,11,37,47,53,56,15
04/02/2021,10,42,48,53,62,19
04/06/2021,01,19,20,32,42,17
04/09/2021,22,26,27,58,66,12
04/13/2021,10,15,19,45,68,09
04/16/2021,17,27,28,50,55,25
04/20/2021,06,23,43,49,52,05
04/23/2021,04,28,29,30,60,25
04/27/2021,15,22,30,41,42,25
04/30/2021,08,19,26,48,49,05
05/04/2021,04,27,32,57,63,22
05/07/2021,05,10,19,21,50,10
05/11/2021,07,08,20,36,39,22
05/14/2021,03,18,41,44,68,03
05/18/2021,03,05,56,61,66,04
05/21/2021,06,09,17,18,48,08
05/25/2021,14,21,31,34,54,11
05/28/2021,10,14,20,47,70,15
06/01/2021,07,11,33,58,63,23
06/04/2021,04,30,34,41,64,08
06/08/2021,09,22,39,41,54,19
06/11/2021,04,43,56,63,68,13
06/15/2021,18,22,27,38,52,11
06/18/2021,14,36,44,46,53,18
06/22/2021,01,26,48,51,59,25
06/25/2021,17,20,42,45,65,12
06/29/2021,07,38,50,52,69,21
07/02/2021,08,31,32,34,45,19
07/06/2021,18,47,63,68,69,14
07/09/2021,06,37,39,41,46,17
07/13/2021,03,10,17,26,55,24
07/16/2021,24,25,47,52,57,24
07/20/2021,10,26,30,52,57,10
07/23/2021,13,17,19,40,69,17
07/27/2021,02,35,36,54,64,11
07/30/2021,19,26,31,52,68,10
08/03/2021,01,09,17,27,34,24
08/06/2021,09,18,40,46,69,09
08/10/2021,29,45,50,59,62,12
08/13/2021,17,21,35,40,53,11
08/17/2021,03,06,16,38,56,24
08/20/2021,41,43,51,57,70,01
08/24/2021,17,18,26,52,67,19
08/27/2021,01,10,44,47,56,23
08/31/2021,08,14,31,58,68,15
09/03/2021,07,10,12,61,65,03
09/07/2021,15,17,25,32,53,12
09/10/2021,20,32,35,47,64,18
09/14/2021,04,13,19,63,64,16
09/17/2021,17,32,40,59,61,18
09/21/2021,36,41,45,51,56,13
09/24/2021,17,21,27,43,56,15
09/28/2021,18,30,43,68,69,22
10/01/2021,21,25,36,62,63,06
10/05/2021,07,11,18,30,36,04
10/08/2021,21,24,36,40,70,22
10/12/2021,21,26,56,61,65,04
10/15/2021,03,20,31,34,65,18
10/19/2021,03,12,13,19,52,01
10/22/2021,09,14,26,29,66,22
10/26/2021,06,14,19,56,62,09
10/29/2021,15,26,28,35,45,04
11/02/2021,05,10,26,58,65,09
11/05/2021,10,15,20,66,68,18
11/09/2021,09,14,16,26,49,14
11/12/2021,30,32,42,46,48,15
11/16/2021,06,22,44,53,65,03
11/19/2021,05,23,52,53,59,18
11/23/2021,07,24,54,57,58,06
11/26/2021,07,27,37,42,59,02
11/30/2021,07,08,26,30,39,17
12/03/2021,22,45,48,58,61,13
12/07/2021,01,07,40,43,68,01
12/10/2021,23,25,40,42,60,08
12/14/2021,33,35,44,55,69,20
12/17/2021,21,32,38,48,62,10
12/21/2021,25,31,58,64,67,24
12/24/2021,16,17,25,36,37,16
12/28/2021,03,05,08,31,38,04
12/31/2021,02,05,30,46,61,08
01/04/2022,04,06,16,21,22,01
01/07/2022,07,29,43,56,57,06
01/11/2022,02,03,19,52,58,16
01/14/2022,05,08,13,22,48,25
01/18/2022,04,19,39,42,52,09
01/21/2022,38,45,46,55,67,18
01/25/2022,03,12,38,53,58,13
01/28/2022,03,16,25,44,55,13
02/01/2022,11,24,38,62,66,01
02/04/2022,07,16,34,44,61,24
02/08/2022,01,17,20,52,54,02
02/11/2022,11,16,23,24,30,24
02/15/2022,02,04,15,21,63,19
02/18/2022,06,11,50,63,68,17
02/22/2022,06,17,22,57,62,03
02/25/2022,15,31,40,56,66,04
03/01/2022,18,22,38,39,50,18
03/04/2022,11,19,28,46,47,05
03/08/2022,07,18,38,58,64,24
03/11/2022,24,28,39,44,66,25
03/15/2022,09,14,28,59,60,24
03/18/2022,02,06,25,40,45,05
03/22/2022,08,15,21,27,61,08
03/25/2022,03,13,42,51,58,17
03/29/2022,07,22,36,45,47,12
04/01/2022,26,42,47,48,63,21
04/05/2022,22,43,60,63,64,18
04/08/2022,08,11,29,32,40,02
04/12/2022,02,08,14,20,31,17
04/15/2022,04,17,20,46,64,23
04/19/2022,02,09,33,47,53,24
04/22/2022,07,28,29,58,59,10
04/26/2022,05,07,19,46,69,02
04/29/2022,09,11,34,49,66,15
05/03/2022,15,19,27,35,57,17
05/06/2022,16,21,33,52,70,10
05/10/2022,15,19,20,61,70,09
05/13/2022,11,41,43,44,65,13
05/17/2022,07,21,24,41,65,24
05/20/2022,33,40,59,60,69,22
05/24/2022,03,05,06,63,68,25
05/27/2022,03,14,40,53,54,08
05/31/2022,06,15,41,63,64,24
06/03/2022,11,16,22,48,59,11
06/07/2022,04,34,40,41,53,03
06/10/2022,03,12,14,18,32,04
06/14/2022,30,37,38,42,58,22
06/17/2022,20,36,53,56,69,16
06/21/2022,08,13,18,32,42,20
06/24/2022,01,07,11,25,56,14
06/28/2022,07,12,21,43,55,11
07/01/2022,01,27,29,38,62,12
07/05/2022,27,31,50,51,61,21
07/08/2022,20,36,61,62,69,20
07/12/2022,04,07,10,45,64,12
07/15/2022,08,20,26,53,64,15
07/19/2022,02,31,32,37,70,25
07/22/2022,14,40,60,64,66,16
07/26/2022,07,29,60,63,66,15
07/29/2022,13,36,45,57,67,14
08/02/2022,10,14,25,37,63,14
08/05/2022,02,05,29,64,69,18
08/09/2022,01,08,10,25,32,13
08/12/2022,23,24,50,54,64,03
08/16/2022,33,35,41,45,51,01
08/19/2022,12,18,24,46,65,03
08/23/2022,03,05,47,48,67,07
08/26/2022,06,27,30,38,64,23
08/30/2022,02,38,55,57,65,17
09/02/2022,39,40,52,60,67,20
09/06/2022,06,17,46,59,68,02
09/09/2022,16,21,54,55,69,22
09/13/2022,14,25,38,59,64,21
09/16/2022,15,30,35,38,66,12
09/20/2022,09,21,28,30,52,10
09/23/2022,05,50,53,58,64,22
09/27/2022,08,14,24,43,51,09
09/30/2022,16,26,37,40,51,06
10/04/2022,15,18,25,33,38,25
10/07/2022,06,11,29,36,55,21
10/11/2022,03,07,11,13,38,01
10/14/2022,09,22,26,41,44,19
10/18/2022,01,15,20,44,67,23
10/21/2022,34,36,43,45,68,22
10/25/2022,21,30,35,45,66,21
10/28/2022,04,18,31,53,69,07
11/01/2022,05,09,15,16,17,25
11/04/2022,02,20,47,55,59,19
11/08/2022,05,13,29,38,59,23
11/11/2022,01,05,17,37,70,22
11/15/2022,06,19,28,46,61,18
11/18/2022,02,14,16,38,66,09
11/22/2022,13,23,24,25,43,02
11/25/2022,29,31,46,54,67,18
11/29/2022,20,23,37,46,52,06
12/02/2022,01,21,36,46,52,16
12/06/2022,15,16,19,28,47,13
12/09/2022,08,19,53,61,69,19
12/13/2022,14,22,48,58,68,06
12/16/2022,08,35,40,53,56,11
12/20/2022,03,04,33,36,52,17
12/23/2022,15,21,32,38,62,08
12/27/2022,09,13,36,59,61,11
12/30/2022,01,03,06,44,51,07
01/03/2023,25,29,33,41,44,18
01/06/2023,03,20,46,59,63,13
01/10/2023,07,13,14,15,18,09
01/13/2023,30,43,45,46,61,14
01/17/2023,02,12,18,24,39,18
01/20/2023,20,29,31,64,66,17
01/24/2023,33,41,47,50,62,20
01/27/2023,04,43,46,47,61,22
01/31/2023,07,09,18,29,39,13
02/03/2023,01,04,50,54,59,17
02/07/2023,09,15,46,55,57,04
02/10/2023,20,29,30,52,58,19
02/14/2023,23,24,35,40,43,01
02/17/2023,02,33,38,57,70,13
02/21/2023,02,15,30,36,63,24
02/24/2023,02,22,49,65,67,07
02/28/2023,14,16,40,52,59,13
03/03/2023,08,25,36,39,67,11
03/07/2023,15,22,25,28,69,21
03/10/2023,09,20,59,60,63,05
03/14/2023,01,07,23,38,55,02
03/17/2023,26,28,29,39,49,25
03/21/2023,01,21,25,27,40,11
03/24/2023,14,17,33,42,66,15
03/28/2023,02,03,18,32,68,24
03/31/2023,16,26,27,42,61,23
04/04/2023,01,37,45,62,64,04
04/07/2023,12,32,49,51,66,21
04/11/2023,31,35,53,54,55,24
04/14/2023,23,27,41,48,51,22
04/18/2023,07,09,15,19,25,04
04/21/2023,03,21,29,46,63,09
04/25/2023,08,29,46,47,48,12
04/28/2023,18,38,53,62,64,20
05/02/2023,03,15,16,32,41,09
05/05/2023,16,18,28,42,43,11
05/09/2023,04,37,46,48,51,19
05/12/2023,01,02,23,40,45,15
05/16/2023,15,34,36,69,70,17
05/19/2023,05,11,41,44,55,14
05/23/2023,03,10,22,65,66,19
05/26/2023,12,20,37,41,64,01
05/30/2023,13,16,40,64,68,21
06/02/2023,03,16,19,36,60,25
06/06/2023,06,12,23,29,57,04
06/09/2023,03,19,53,60,68,13
06/13/2023,08,10,19,44,47,04
06/16/2023,04,24,34,45,57,19
06/20/2023,06,37,39,45,46,21
06/23/2023,13,62,65,67,69,14
06/27/2023,08,34,35,41,52,12
06/30/2023,13,22,47,51,55,09
07/04/2023,21,33,54,61,67,12
07/07/2023,08,10,17,55,66,03
07/11/2023,10,17,33,51,64,05
07/14/2023,10,24,48,51,66,15
07/18/2023,19,22,31,37,54,18
07/21/2023,29,40,47,50,57,25
07/25/2023,03,05,06,44,61,25
07/28/2023,05,10,28,52,63,18
08/01/2023,08,24,30,45,61,12
08/04/2023,11,30,45,52,56,20
08/08/2023,13,19,20,32,33,14
08/11/2023,08,09,18,35,41,18
08/15/2023,18,39,42,57,63,07
08/18/2023,10,20,29,44,66,11
08/22/2023,01,12,26,36,50,07
08/25/2023,12,23,26,31,38,02
08/29/2023,09,39,52,61,63,25
09/01/2023,10,31,42,43,55,08
09/05/2023,03,43,50,51,65,13
09/08/2023,03,12,17,51,62,01
09/12/2023,02,14,21,42,67,18
09/15/2023,05,13,29,50,53,25
09/19/2023,06,09,13,29,66,24
09/22/2023,10,13,14,57,66,03
09/26/2023,15,30,35,42,60,16
09/29/2023,18,40,47,55,64,11
10/03/2023,03,19,32,39,59,24
10/06/2023,12,24,46,57,66,22
10/10/2023,03,08,17,46,63,07
10/13/2023,06,18,44,46,68,18
10/17/2023,05,06,29,32,61,20
10/20/2023,07,29,36,49,61,22
10/24/2023,16,20,30,54,59,07
10/27/2023,11,32,43,57,70,06
10/31/2023,14,35,37,55,70,15
11/03/2023,15,32,38,47,65,12
11/07/2023,03,11,33,42,52,20
11/10/2023,13,33,59,68,70,08
11/14/2023,29,35,59,61,69,22
11/17/2023,06,12,31,33,69,17
11/21/2023,17,22,25,30,38,24
11/24/2023,06,15,45,59,68,01
11/28/2023,27,37,42,59,61,11
12/01/2023,12,47,49,52,65,12
12/05/2023,18,35,40,64,67,18
12/08/2023,21,26,53,66,70,13
12/12/2023,08,23,44,45,53,03
12/15/2023,10,20,28,40,54,12
12/19/2023,17,26,50,58,61,11
12/22/2023,10,26,36,54,69,04
12/26/2023,08,10,22,58,64,21
12/29/2023,11,27,30,62,70,10
01/02/2024,03,18,27,29,64,01
01/05/2024,05,23,26,38,44,25
01/09/2024,12,15,32,33,53,24
01/12/2024,19,34,35,45,67,07
01/16/2024,02,10,42,49,54,13
01/19/2024,01,09,16,17,30,17
01/23/2024,21,28,58,69,70,20
01/26/2024,14,31,34,50,61,13
01/30/2024,03,05,16,58,59,11
02/02/2024,11,22,42,64,69,18
02/06/2024,02,10,31,44,57,10
02/09/2024,17,22,29,46,69,01
02/13/2024,01,03,19,25,58,20
02/16/2024,19,23,39,42,67,18
02/20/2024,05,45,55,58,68,07
02/23/2024,04,06,40,41,60,11
02/27/2024,06,18,26,27,49,04
03/01/2024,15,33,37,55,61,24
03/05/2024,02,49,50,61,70,14
03/08/2024,19,20,22,47,58,01
03/12/2024,02,16,31,57,64,24
03/15/2024,13,25,50,51,66,06
03/19/2024,24,46,49,62,66,07
03/22/2024,03,08,31,35,44,16
03/26/2024,07,11,22,29,38,04
03/29/2024,11,30,33,38,60,16
04/02/2024,10,50,56,60,66,19
04/05/2024,20,30,54,63,65,14
04/09/2024,34,43,51,52,69,25
04/12/2024,01,12,14,18,66,16
04/16/2024,21,26,36,44,59,02
04/19/2024,19,30,34,46,58,03
04/23/2024,11,17,33,39,43,14
04/26/2024,15,23,53,57,61,09
04/30/2024,10,18,27,37,61,05
05/03/2024,06,13,15,53,56,11
05/07/2024,26,28,36,63,66,15
05/10/2024,13,22,26,32,65,18
05/14/2024,13,19,43,62,64,06
05/17/2024,08,17,40,60,70,03
05/21/2024,02,05,08,28,69,14
05/24/2024,46,54,56,67,70,16
05/28/2024,12,18,48,57,62,04
05/31/2024,04,11,23,33,49,23
06/04/2024,19,37,40,63,69,17
06/07/2024,03,05,12,22,66,07
06/11/2024,01,05,07,22,24,08
06/14/2024,01,25,26,31,65,02
06/18/2024,21,22,50,55,67,20
06/21/2024,03,18,27,40,44,19
06/25/2024,03,16,27,47,62,08
06/28/2024,28,31,33,42,66,24
07/02/2024,04,08,19,31,45,11
07/05/2024,06,15,32,54,67,04
07/09/2024,21,26,54,60,64,03
07/12/2024,15,35,48,53,68,08
07/16/2024,05,35,42,58,66,22
07/19/2024,10,17,23,50,67,03
07/23/2024,03,09,14,26,51,21
07/26/2024,02,14,33,58,65,03
07/30/2024,19,23,30,33,50,25
08/02/2024,06,07,24,44,54,13
08/06/2024,23,29,36,61,70,22
08/09/2024,12,32,38,40,57,21
08/13/2024,34,55,59,65,70,12
08/16/2024,22,38,48,51,61,05
08/20/2024,05,20,26,49,51,24
08/23/2024,28,30,44,66,69,02
08/27/2024,16,18,21,54,65,05
08/30/2024,10,17,20,24,54,08
09/03/2024,12,41,43,52,55,09
09/06/2024,06,23,41,59,63,25
09/10/2024,01,02,16,24,66,06
09/13/2024,21,55,56,57,66,01
09/17/2024,14,31,48,57,64,09
09/20/2024,20,21,40,49,55,11
09/24/2024,01,06,10,23,27,18
09/27/2024,29,46,53,69,70,23
10/01/2024,27,35,47,50,66,25
10/04/2024,21,39,42,43,45,03
10/08/2024,03,19,20,22,66,09
10/11/2024,03,10,29,52,57,20
10/15/2024,22,34,44,54,62,03
10/18/2024,04,09,26,39,58,23
10/22/2024,08,43,48,58,60,04
10/25/2024,23,26,35,41,43,07
10/29/2024,16,22,26,36,56,01
11/01/2024,11,22,42,46,51,04
11/05/2024,02,24,25,52,58,09
11/08/2024,25,28,42,64,69,19
11/12/2024,18,31,33,64,68,17
11/15/2024,05,17,35,55,69,19
11/19/2024,05,35,50,51,59,08
11/22/2024,13,20,26,32,65,02
11/26/2024,05,22,24,39,42,03
11/29/2024,03,29,34,37,38,17
12/03/2024,52,60,61,66,67,23
12/06/2024,16,21,33,39,45,24
12/10/2024,12,14,26,48,52,21
12/13/2024,36,43,52,58,65,16
12/17/2024,56,66,67,68,69,18
12/20/2024,02,20,51,56,67,19
12/24/2024,11,14,38,45,46,03
12/27/2024,03,07,37,49,55,06
12/31/2024,13,22,27,29,35,01
01/03/2025,20,42,46,59,69,19
01/07/2025,20,24,33,39,48,18
01/10/2025,09,23,39,65,66,22
01/14/2025,04,14,35,49,62,06
01/17/2025,08,10,37,54,69,22
01/21/2025,27,30,56,64,65,22
01/24/2025,08,12,43,52,62,18
01/28/2025,10,19,31,47,56,06
01/31/2025,09,28,48,56,63,02
02/04/2025,14,24,31,53,54,01
02/07/2025,04,24,32,41,55,16